tag,estimator,variant,sigma_obs,sim_seed,est_seed,seconds,true_synergy_rms,true_pair_interaction_is_zero,true_curl_fraction,true_D_is_zero,est_synergy_rms,est_D_std,est_D_mean_square,curl_fraction,grad_fraction,artifact_rms,artifact_curl_fraction,estimate_truth_pearson,converged,n_samples,n_samples_expected,selector_on_fraction,split_half_pearson_D,posterior_noise_fraction_of_D,offset_error_rms,second_position_gain_mean,second_position_gain_sd,template_r2,template_subspace_overlap,rank2_energy_absolute,top1,artifact_top1,top2,artifact_top2,top4,artifact_top4,top8,artifact_top8,top16,artifact_top16,top32,artifact_top32,top64,artifact_top64
unshared,unshared,strict,0.15,0,101,46.513362884521484,0.0,True,,True,0.06142878640563673,0.08670813865334448,0.0074431182956403346,0.9182743562776022,0.08172564372239796,0.06142878640563673,0.9182743562776022,,True,,,0.2414,,,,,,,,0.000544095274549852,0.0398031625891277,0.0398031625891277,0.07960632517825539,0.07960632517825539,0.15558403198440235,0.15558403198440235,0.2908927826087708,0.2908927826087708,0.4981194153176492,0.4981194153176492,0.7614689397488037,0.7614689397488037,0.9729064837011951,0.9729064837011951
unshared,unshared,strict,0.15,3,104,50.71989035606384,0.0,True,,True,0.061272057164962646,0.08627179869551209,0.007368395017657372,0.9424218298907345,0.05757817010926556,0.061272057164962646,0.9424218298907345,,True,,,0.2264,,,,,,,,0.0005734641477332618,0.04129125075067504,0.04129125075067504,0.08258250150135006,0.08258250150135006,0.1509901875416975,0.1509901875416975,0.27294765839712476,0.27294765839712476,0.47851481042485705,0.47851481042485705,0.750787012601915,0.750787012601915,0.971852010746944,0.971852010746944
unshared,unshared,strict,0.15,4,105,59.784708976745605,0.0,True,,True,0.06268207447202137,0.08914970700427928,0.007868193556359353,0.9274579271561609,0.07254207284383922,0.06268207447202137,0.9274579271561609,,True,,,0.2237,,,,,,,,0.0006008302058314646,0.041167311903793004,0.041167311903793004,0.08233462380758591,0.08233462380758591,0.1550270894049036,0.1550270894049036,0.2814447595067045,0.2814447595067045,0.4744970348281073,0.4744970348281073,0.7387824170057616,0.7387824170057616,0.9634379558584787,0.9634379558584787
unshared,unshared,strict,0.15,2,103,59.95470404624939,0.0,True,,True,0.0638695106382444,0.09058493999888523,0.00812357504105562,0.9277226567015388,0.07227734329846115,0.0638695106382444,0.9277226567015388,,True,,,0.2373,,,,,,,,0.0006169193904135368,0.04092918204595512,0.04092918204595512,0.08185836409191023,0.08185836409191023,0.15167678474485882,0.15167678474485882,0.2737134184154368,0.2737134184154368,0.4751287985118913,0.4751287985118913,0.7407019626857195,0.7407019626857195,0.9673744186448215,0.9673744186448215
unshared,unshared,strict,0.15,6,107,60.67506718635559,0.0,True,,True,0.06291494747488421,0.08966498765089437,0.007959411910330689,0.9215445852062443,0.07845541479375584,0.06291494747488421,0.9215445852062443,,True,,,0.237,,,,,,,,0.0005732820698654042,0.03907878305267741,0.03907878305267741,0.07815756610535464,0.07815756610535464,0.14562991408157475,0.14562991408157475,0.26865804879835287,0.26865804879835287,0.47155760233881394,0.47155760233881394,0.7453450819619791,0.7453450819619791,0.967355992298614,0.967355992298614
unshared,unshared,strict,0.15,5,106,60.763343811035156,0.0,True,,True,0.059048921900605476,0.08319384932978893,0.006852004400644546,0.953067841091671,0.04693215890832929,0.059048921900605476,0.953067841091671,,True,,,0.1975,,,,,,,,0.0005214782928172728,0.03992682631846158,0.03992682631846158,0.07985365263692315,0.07985365263692315,0.14996635253681392,0.14996635253681392,0.2786756778996927,0.2786756778996927,0.47977373323045697,0.47977373323045697,0.7375155537513838,0.7375155537513838,0.9652623257646,0.9652623257646
unshared,unshared,strict,0.15,1,102,60.97040390968323,0.0,True,,True,0.06431131815607521,0.0916206686658038,0.008310403457501312,0.9562212069882079,0.043778793011792015,0.06431131815607521,0.9562212069882079,,True,,,0.2284,,,,,,,,0.0006379599564765437,0.04014051537706861,0.04014051537706861,0.08028103075413716,0.08028103075413716,0.1548831561598628,0.1548831561598628,0.2818241234190697,0.2818241234190697,0.4800343269304377,0.4800343269304377,0.7468980787949413,0.7468980787949413,0.9653581884212906,0.9653581884212906
unshared,unshared,strict,0.15,7,108,39.98735213279724,0.0,True,,True,0.06266774958751409,0.08839124921927582,0.007734882809158688,0.9467360873164004,0.053263912683599764,0.06266774958751409,0.9467360873164004,,True,,,0.2213,,,,,,,,0.0006044990020858706,0.04127460471956279,0.04127460471956279,0.0825492094391255,0.0825492094391255,0.1542514083845245,0.1542514083845245,0.2821748917179359,0.2821748917179359,0.4829743475675652,0.4829743475675652,0.747331735885533,0.747331735885533,0.9674801514922052,0.9674801514922052
unshared,unshared,strict,0.15,8,109,44.82694602012634,0.0,True,,True,0.05922275229074043,0.08369497315358931,0.006934800045868235,0.9376549326664029,0.06234506733359719,0.05922275229074043,0.9376549326664029,,True,,,0.2279,,,,,,,,0.0006310726431686217,0.048525762950869536,0.048525762950869536,0.09705152590173904,0.09705152590173904,0.17018787947334546,0.17018787947334546,0.3021136122702763,0.3021136122702763,0.5051716063617201,0.5051716063617201,0.7555702693519086,0.7555702693519086,0.96987007127738,0.96987007127738
unshared,unshared,strict,0.15,9,110,64.04262208938599,0.0,True,,True,0.060645128055144375,0.08510652517105449,0.007170689420424421,0.9197566500062274,0.08024334999377247,0.060645128055144375,0.9197566500062274,,True,,,0.223,,,,,,,,0.0005461615353262454,0.041405426826273815,0.041405426826273815,0.08281085365254763,0.08281085365254763,0.15974489066223782,0.15974489066223782,0.2924823418580429,0.2924823418580429,0.49501812455274935,0.49501812455274935,0.7559095980793975,0.7559095980793975,0.9661388697924649,0.9661388697924649
unshared,unshared,strict,0.15,10,111,63.939436197280884,0.0,True,,True,0.06374994729412742,0.08967819388152254,0.007961756673273427,0.9646669802204277,0.0353330197795722,0.06374994729412742,0.9646669802204277,,True,,,0.2315,,,,,,,,0.0006791291798044861,0.04421158466778762,0.04421158466778762,0.08842316933557522,0.08842316933557522,0.15712436738284288,0.15712436738284288,0.28207835226173783,0.28207835226173783,0.47603813914925774,0.47603813914925774,0.7474282654376225,0.7474282654376225,0.967159429144081,0.967159429144081
unshared,unshared,strict,0.15,12,113,63.57755517959595,0.0,True,,True,0.06303724991957038,0.0891204538791038,0.007863030746621294,0.9427135082721665,0.05728649172783352,0.06303724991957038,0.9427135082721665,,True,,,0.2373,,,,,,,,0.0006150247655969163,0.04148517289444214,0.04148517289444214,0.08297034578888425,0.08297034578888425,0.15106679969948122,0.15106679969948122,0.2729302964717596,0.2729302964717596,0.4760794753163885,0.4760794753163885,0.7385699129841308,0.7385699129841308,0.9654137735672808,0.9654137735672808
unshared,unshared,strict,0.15,13,114,64.3534779548645,0.0,True,,True,0.06141512654496469,0.08653004651219787,0.007412574459909095,0.9383418956344606,0.06165810436553943,0.06141512654496469,0.9383418956344606,,True,,,0.2434,,,,,,,,0.0005684877215626344,0.04086588580454472,0.04086588580454472,0.08173177160908938,0.08173177160908938,0.1547753100839283,0.1547753100839283,0.2776702086546293,0.2776702086546293,0.4782208426173459,0.4782208426173459,0.7498739981839583,0.7498739981839583,0.966895689139834,0.966895689139834
unshared,unshared,strict,0.15,11,112,65.02379083633423,0.0,True,,True,0.06446245888732262,0.0913011904374169,0.008252548301536572,0.9485252613598925,0.05147473864010777,0.06446245888732262,0.9485252613598925,,True,,,0.2448,,,,,,,,0.0006291110563551056,0.04018466439204454,0.04018466439204454,0.08036932878408908,0.08036932878408908,0.15057114768306223,0.15057114768306223,0.2730888473640604,0.2730888473640604,0.4753504492349831,0.4753504492349831,0.7478555289927663,0.7478555289927663,0.967526296773828,0.967526296773828
unshared,unshared,strict,0.15,14,115,41.352134227752686,0.0,True,,True,0.06408568188538669,0.09028640012694882,0.008070117707404666,0.9456032661782788,0.05439673382172136,0.06408568188538669,0.9456032661782788,,True,,,0.23,,,,,,,,0.0006012463208894498,0.03939431954870991,0.03939431954870991,0.07878863909741979,0.07878863909741979,0.15054578900280427,0.15054578900280427,0.27321985135180754,0.27321985135180754,0.4723704796926761,0.4723704796926761,0.7424882813315312,0.7424882813315312,0.9687300194259721,0.9687300194259721
unshared,unshared,strict,0.15,15,116,45.6252179145813,0.0,True,,True,0.060238137477764735,0.08554023512557075,0.007243960507084549,0.948960646209104,0.05103935379089605,0.060238137477764735,0.948960646209104,,True,,,0.2304,,,,,,,,0.0006283366465333821,0.04570230642148705,0.04570230642148705,0.09140461284297395,0.09140461284297395,0.16839317518148134,0.16839317518148134,0.2915649730535927,0.2915649730535927,0.4866050587005426,0.4866050587005426,0.7549276518062494,0.7549276518062494,0.9703982736162313,0.9703982736162313
unshared,unshared,strict,0.15,16,117,45.41737484931946,0.0,True,,True,0.06207839749374241,0.08890228413402027,0.00782457996300361,0.9418752502556148,0.0581247497443852,0.06207839749374241,0.9418752502556148,,True,,,0.2404,,,,,,,,0.0006035124288274493,0.04094508759728411,0.04094508759728411,0.08189017519456819,0.08189017519456819,0.15577663737131167,0.15577663737131167,0.29044296641905926,0.29044296641905926,0.49675327757710136,0.49675327757710136,0.7653601870685661,0.7653601870685661,0.968849411192235,0.968849411192235
unshared,unshared,strict,0.15,17,118,45.48490619659424,0.0,True,,True,0.061291861760272515,0.08578201307854588,0.0072849682301297375,0.9454945028659055,0.054505497134094624,0.061291861760272515,0.9454945028659055,,True,,,0.2237,,,,,,,,0.0005765353688641895,0.041851332425254746,0.041851332425254746,0.0837026648505094,0.0837026648505094,0.1584273888947552,0.1584273888947552,0.2857563082906088,0.2857563082906088,0.4836173251366361,0.4836173251366361,0.7514179195333894,0.7514179195333894,0.9697278979706154,0.9697278979706154
unshared,unshared,strict,0.15,18,119,45.47529077529907,0.0,True,,True,0.06256137508664121,0.08885553591707115,0.007816353200478824,0.9144319815791463,0.08556801842085364,0.06256137508664121,0.9144319815791463,,True,,,0.2259,,,,,,,,0.0005712984076946985,0.03996478080953015,0.03996478080953015,0.07992956161906024,0.07992956161906024,0.15054838239494261,0.15054838239494261,0.2764465821855692,0.2764465821855692,0.4836759728558385,0.4836759728558385,0.7486225021333406,0.7486225021333406,0.9655562040174792,0.9655562040174792
unshared,unshared,strict,0.15,19,120,45.04542088508606,0.0,True,,True,0.06188513819588035,0.08718061289930573,0.007524454672843606,0.9376498954827371,0.06235010451726283,0.06188513819588035,0.9376498954827371,,True,,,0.233,,,,,,,,0.0005332471704144691,0.03779051618596552,0.03779051618596552,0.07558103237193102,0.07558103237193102,0.147239662871299,0.147239662871299,0.2695419286850807,0.2695419286850807,0.4705473124705386,0.4705473124705386,0.7319925480587778,0.7319925480587778,0.966078696658992,0.966078696658992
primary,joint,strict,0.15,3,104,6613.7821481227875,0.0,True,,True,0.015256502120532752,0.02155669423730387,0.00046004415577620373,0.785674369130524,0.21432563086947604,0.015256502120532752,0.785674369130524,,True,1999.0,1999.0,0.19599929964982493,0.9573756776993801,4.117773485367153,0.00508124991804352,0.6719524247676242,0.23046969876126683,0.0001427007910271838,0.026834313280161805,3.355971189470685e-05,0.04642438131213729,0.04642438131213729,0.09284876262427451,0.09284876262427451,0.16971009257046865,0.16971009257046865,0.2926286416190421,0.2926286416190421,0.503537365291882,0.503537365291882,0.7695870555746228,0.7695870555746228,0.9712028227835245,0.9712028227835245
primary,joint,strict,0.15,6,107,6716.477705001831,0.0,True,,True,0.015504914337009597,0.02178186751784545,0.00046970525503932105,0.7618876971969836,0.23811230280301637,0.015504914337009597,0.7618876971969836,,True,1999.0,1999.0,0.19242561280640322,0.9547150613699106,4.171341456973496,0.004630614970748244,0.6601535169837522,0.24351614422528214,3.669559044205961e-05,0.0053894141384749315,3.1197749853322216e-05,0.04358899902894212,0.04358899902894212,0.08717799805788412,0.08717799805788412,0.1671425136667812,0.1671425136667812,0.30755477157688166,0.30755477157688166,0.5235940315566209,0.5235940315566209,0.7763673776295986,0.7763673776295986,0.9721485410787873,0.9721485410787873
primary,joint,strict,0.15,5,106,6728.129323005676,0.0,True,,True,0.01589271373610197,0.022238390179523768,0.0004896005377989717,0.7826796924611833,0.21732030753881676,0.01589271373610197,0.7826796924611833,,True,1999.0,1999.0,0.21357718859429714,0.9607153119777956,4.002637069350353,0.005364484232259281,0.66379344649827,0.24560899183827842,0.0012142558716701224,0.012551934173019814,3.7959004276313435e-05,0.04952892068931701,0.04952892068931701,0.099057841378634,0.099057841378634,0.17573708024932816,0.17573708024932816,0.31152173632063485,0.31152173632063485,0.5072499503748487,0.5072499503748487,0.76852809905214,0.76852809905214,0.9750180642484034,0.9750180642484034
primary,joint,strict,0.15,0,101,6728.549898862839,0.0,True,,True,0.015882041659502567,0.022469795221134604,0.0004998427803069262,0.7775194037747344,0.2224805962252657,0.015882041659502567,0.7775194037747344,,True,1999.0,1999.0,0.19214827413706853,0.9560557208961632,4.043757455691912,0.0054255673531882495,0.6842492525775277,0.24649082360595928,0.0003809686576590199,0.010715275717819833,3.582076777760747e-05,0.04608506823967277,0.04608506823967277,0.09217013647934552,0.09217013647934552,0.1657383072422666,0.1657383072422666,0.29677373799672035,0.29677373799672035,0.5015418633518568,0.5015418633518568,0.7692921691705149,0.7692921691705149,0.9748896421267133,0.9748896421267133
primary,joint,strict,0.15,2,103,6760.211905002594,0.0,True,,True,0.016604470014796608,0.02330691618983669,0.0005377802188572708,0.7695053736146078,0.23049462638539236,0.016604470014796608,0.7695053736146078,,True,1999.0,1999.0,0.19825827913956978,0.9533604822535601,3.9197766212549054,0.004598022156680441,0.688340651289043,0.23732322186784066,0.000258752656996486,0.011386226350179808,3.7387066535558916e-05,0.045172581978454945,0.045172581978454945,0.09034516395690981,0.09034516395690981,0.16468398743262627,0.16468398743262627,0.2942758721838209,0.2942758721838209,0.4933514906047334,0.4933514906047334,0.7544889789308472,0.7544889789308472,0.9698674737591678,0.9698674737591678
primary,joint,strict,0.15,1,102,6775.69255900383,0.0,True,,True,0.01628022003738885,0.022892948482578345,0.0005188462193237262,0.8071345070649549,0.19286549293504515,0.01628022003738885,0.8071345070649549,,True,1999.0,1999.0,0.20457418709354677,0.960366511912522,4.204955724160346,0.004421866852587516,0.7595063630243764,0.1978680144348704,0.0001232596584812562,0.0024982124294484816,3.2937850480455883e-05,0.03932608256516679,0.03932608256516679,0.07865216513033352,0.07865216513033352,0.15079616596822423,0.15079616596822423,0.28123246453409567,0.28123246453409567,0.4831022049002868,0.4831022049002868,0.7519617544161171,0.7519617544161171,0.9708348131096963,0.9708348131096963
primary,joint,strict,0.15,4,105,6779.6427211761475,0.0,True,,True,0.016195369674580927,0.02261766628377573,0.0005064432398430031,0.7816032106745113,0.2183967893254887,0.016195369674580927,0.7816032106745113,,True,1999.0,1999.0,0.2012735367683842,0.9604934089920647,4.072618912453006,0.005953066527331096,0.6540888275370361,0.2625825171077789,0.00098664902028478,0.010343384193050614,3.86606829160915e-05,0.048834012777930744,0.048834012777930744,0.09766802555586146,0.09766802555586146,0.17586763662809454,0.17586763662809454,0.30526852583555003,0.30526852583555003,0.5083133069366408,0.5083133069366408,0.7678491647156117,0.7678491647156117,0.9719707523932731,0.9719707523932731
primary,joint,strict,0.15,7,108,6386.879578828812,0.0,True,,True,0.017816829526401533,0.024889212523677227,0.0006132781710482837,0.8069200269795613,0.19307997302043864,0.017816829526401533,0.8069200269795613,,True,1999.0,1999.0,0.22412266133066533,0.9608459297899603,3.713063990928424,0.005297703047375083,0.7372281651732574,0.20010003154577344,0.0001146221469122688,0.009077114543984481,4.085872072402858e-05,0.04128257400325661,0.04128257400325661,0.0825651480065132,0.0825651480065132,0.16290012250744487,0.16290012250744487,0.29226708153691666,0.29226708153691666,0.49718846907883096,0.49718846907883096,0.7577670337357668,0.7577670337357668,0.9716519380688128,0.9716519380688128
primary,joint,strict,0.15,9,110,6273.924973726273,0.0,True,,True,0.015895129384081084,0.022465721332091144,0.0004996615486214633,0.7819012850157381,0.21809871498426184,0.015895129384081084,0.7819012850157381,,True,1999.0,1999.0,0.2037457228614307,0.9614731485998625,3.9394716576781135,0.004627084962432255,0.6516492697350508,0.2702923392882154,5.6455848672309905e-05,0.0014311053847233456,3.6244928970181325e-05,0.04638626457862958,0.04638626457862958,0.0927725291572591,0.0927725291572591,0.17520644818888084,0.17520644818888084,0.307630819727296,0.307630819727296,0.504536437718224,0.504536437718224,0.7685203697238836,0.7685203697238836,0.9731636074089152,0.9731636074089152
primary,joint,strict,0.15,8,109,6285.639870882034,0.0,True,,True,0.015232948906819137,0.02146435705057208,0.00045611143735849906,0.7695758172805545,0.23042418271944537,0.015232948906819137,0.7695758172805545,,True,1999.0,1999.0,0.193440220110055,0.958717726625224,4.053151997245877,0.005920247010525088,0.6362023468112741,0.2676856258938079,5.728654170589209e-06,0.016358356068216548,3.1140151383924666e-05,0.044357631526597247,0.044357631526597247,0.08871526305319445,0.08871526305319445,0.16904897015240966,0.16904897015240966,0.3040957614216666,0.3040957614216666,0.51955880997373,0.51955880997373,0.7807146875923853,0.7807146875923853,0.9746528699709612,0.9746528699709612
primary,joint,strict,0.15,11,112,6287.040483236313,0.0,True,,True,0.016730013102936377,0.023798204099114727,0.0005606909731596898,0.8114298968814622,0.18857010311853784,0.016730013102936377,0.8114298968814622,,True,1999.0,1999.0,0.2012496248124062,0.9619286692845845,3.766641564683093,0.004846320710931057,0.7311236922773745,0.19078379238077597,2.6011613857401805e-05,0.001279404913528427,4.252439480717094e-05,0.04673406697237921,0.04673406697237921,0.0934681339447584,0.0934681339447584,0.17381916137668404,0.17381916137668404,0.3077701498821592,0.3077701498821592,0.5091575972510765,0.5091575972510765,0.7700143362858133,0.7700143362858133,0.9713112792032438,0.9713112792032438
primary,joint,strict,0.15,10,111,6364.174119710922,0.0,True,,True,0.016234180636430673,0.023149357566050566,0.0005305338281636541,0.7911278962351718,0.20887210376482837,0.016234180636430673,0.7911278962351718,,True,1999.0,1999.0,0.20744007003501752,0.9543602711671904,3.9421776601083707,0.004770710811464386,0.7285884585869365,0.20789863590092908,0.0002532930799870048,0.005781547964380684,3.413073516144995e-05,0.04065892274154523,0.04065892274154523,0.08131784548309044,0.08131784548309044,0.15356709220589554,0.15356709220589554,0.27753679942652015,0.27753679942652015,0.4779457175915556,0.4779457175915556,0.75332209333762,0.75332209333762,0.9693191901407174,0.9693191901407174
primary,joint,strict,0.15,13,114,6324.61794090271,0.0,True,,True,0.015063954489320719,0.02141859469164025,0.0004541686365791124,0.8060661195951078,0.19393388040489218,0.015063954489320719,0.8060661195951078,,True,1999.0,1999.0,0.17813001500750375,0.9588153891102464,4.113963220977588,0.00415327291289457,0.6522164532125491,0.25709668802387853,1.1352483620719056e-05,0.001872720685484073,3.334145131632648e-05,0.04553723923333137,0.04553723923333137,0.09107447846666268,0.09107447846666268,0.1706935605789391,0.1706935605789391,0.305055165999085,0.305055165999085,0.5129458961478904,0.5129458961478904,0.771562057356155,0.771562057356155,0.9734559445474297,0.9734559445474297
primary,joint,strict,0.15,12,113,6329.900774240494,0.0,True,,True,0.0164492529081733,0.023306884414259193,0.0005377787524886419,0.7896986452604061,0.21030135473959363,0.0164492529081733,0.7896986452604061,,True,1999.0,1999.0,0.18984812406203103,0.9633908438765431,3.76603627665298,0.005296763453604259,0.6804688228417732,0.24885673997606822,0.00018122436859879798,0.019441803655530894,3.5161826724005386e-05,0.04139771796266769,0.04139771796266769,0.08279543592533536,0.08279543592533536,0.15945408394737942,0.15945408394737942,0.29613775863038044,0.29613775863038044,0.5068142547372575,0.5068142547372575,0.7657810671415315,0.7657810671415315,0.9740194865905386,0.9740194865905386
primary,joint,strict,0.15,14,115,5961.000137090683,0.0,True,,True,0.016215666740628746,0.023065062372732544,0.0005266771312354621,0.7621848448365187,0.23781515516348153,0.016215666740628746,0.7621848448365187,,True,1999.0,1999.0,0.19293206603301652,0.9554372188650176,3.9890767992628797,0.005215678321208231,0.711180849334363,0.23350288591491816,2.3934618116006057e-05,0.002960452961389196,3.564095687349004e-05,0.04439300964272418,0.04439300964272418,0.0887860192854483,0.0887860192854483,0.17021340077343178,0.17021340077343178,0.30168414721490155,0.30168414721490155,0.5090407137522787,0.5090407137522787,0.7730357365753598,0.7730357365753598,0.9736520763211028,0.9736520763211028
primary,joint,strict,0.15,16,117,5999.041527032852,0.0,True,,True,0.01610258806717039,0.022963272603432887,0.0005220387697729757,0.7995817211679729,0.20041827883202712,0.01610258806717039,0.7995817211679729,,True,1999.0,1999.0,0.18315167583791894,0.9557368093427375,3.6208673779458156,0.005028378544897612,0.6573307210025722,0.2666368558072806,3.488673213170035e-05,0.007447807732765512,3.841737145653091e-05,0.046018455257042325,0.046018455257042325,0.0920369105140846,0.0920369105140846,0.17618829786600318,0.17618829786600318,0.322233673451468,0.322233673451468,0.5363632749126452,0.5363632749126452,0.7893902957541491,0.7893902957541491,0.9775431178373828,0.9775431178373828
primary,joint,strict,0.15,17,118,5960.576352119446,0.0,True,,True,0.015941486660674593,0.02248417893906527,0.0005004829195382672,0.7762498068707582,0.2237501931292418,0.015941486660674593,0.7762498068707582,,True,1999.0,1999.0,0.20831195597798896,0.9560331896972025,4.014285412897991,0.005676531154779033,0.6689773875490321,0.2545306491489002,0.00015740276632125738,0.005545154218192634,3.9539049709344634e-05,0.050886838036770334,0.050886838036770334,0.10177367607354061,0.10177367607354061,0.18621340116697752,0.18621340116697752,0.31888455342978006,0.31888455342978006,0.5225248865048547,0.5225248865048547,0.776991834834043,0.776991834834043,0.9747920250597684,0.9747920250597684
primary,joint,strict,0.15,15,116,6072.1871700286865,0.0,True,,True,0.015197652349090335,0.021718435741259787,0.0004669735465367582,0.80226247273961,0.1977375272603901,0.015197652349090335,0.80226247273961,,True,1999.0,1999.0,0.181792096048024,0.9573174217788619,3.9996133310754445,0.00461005846110071,0.6452513251892864,0.24507120472436278,0.0004793447284152652,0.02291817859150954,3.096882569099047e-05,0.0413319585476673,0.0413319585476673,0.0826639170953346,0.0826639170953346,0.1571028817675416,0.1571028817675416,0.28990669618023773,0.28990669618023773,0.49985275478828506,0.49985275478828506,0.7700706171100805,0.7700706171100805,0.9735694658436704,0.9735694658436704
primary,joint,strict,0.15,19,120,5974.22020816803,0.0,True,,True,0.015544425732926265,0.021738643366749206,0.0004678429292724422,0.7960966177845538,0.2039033822154462,0.015544425732926265,0.7960966177845538,,True,1999.0,1999.0,0.20020270135067536,0.9584696108383273,4.15050910337068,0.005231931479324691,0.6688230444968656,0.2320207238929858,0.0009283732998753846,0.006723340560676014,3.3805245145717256e-05,0.04538248209755961,0.04538248209755961,0.09076496419511917,0.09076496419511917,0.16987569295803887,0.16987569295803887,0.30190481416591763,0.30190481416591763,0.5146985309120744,0.5146985309120744,0.7737277771869316,0.7737277771869316,0.9745512681186269,0.9745512681186269
primary,joint,strict,0.15,18,119,6090.094532251358,0.0,True,,True,0.01617472201896904,0.022920652197854687,0.0005201027342032706,0.804946268770816,0.19505373122918412,0.01617472201896904,0.804946268770816,,True,1999.0,1999.0,0.20745892946473238,0.9381424041822797,3.9226375321051195,0.004654013972337858,0.7192026894283354,0.23002740324966248,2.228046030450237e-06,0.05534257544117882,3.488396877613235e-05,0.041661976051444165,0.041661976051444165,0.08332395210288825,0.08332395210288825,0.15798458823215517,0.15798458823215517,0.2861442153523818,0.2861442153523818,0.4911131600295245,0.4911131600295245,0.7580541749391537,0.7580541749391537,0.9699409207422842,0.9699409207422842
oracle_strict,oracle,strict,0.15,0,101,44.916285037994385,0.0,True,,True,0.0,,0.0,,,0.0,,,True,,,,,,,,,,,,,,,,,,,,,,,,,
oracle_strict,oracle,strict,0.15,4,105,46.16430401802063,0.0,True,,True,0.0,,0.0,,,0.0,,,True,,,,,,,,,,,,,,,,,,,,,,,,,
oracle_strict,oracle,strict,0.15,6,107,50.18572187423706,0.0,True,,True,0.0,,0.0,,,0.0,,,True,,,,,,,,,,,,,,,,,,,,,,,,,
oracle_strict,oracle,strict,0.15,1,102,50.60882496833801,0.0,True,,True,0.0,,0.0,,,0.0,,,True,,,,,,,,,,,,,,,,,,,,,,,,,
oracle_strict,oracle,strict,0.15,5,106,50.48055291175842,0.0,True,,True,0.0,,0.0,,,0.0,,,True,,,,,,,,,,,,,,,,,,,,,,,,,
oracle_strict,oracle,strict,0.15,3,104,51.05724596977234,0.0,True,,True,0.0,,0.0,,,0.0,,,True,,,,,,,,,,,,,,,,,,,,,,,,,
oracle_strict,oracle,strict,0.15,2,103,51.44979190826416,0.0,True,,True,0.0,,0.0,,,0.0,,,True,,,,,,,,,,,,,,,,,,,,,,,,,
oracle_strict,oracle,strict,0.15,7,108,36.44608116149902,0.0,True,,True,0.0,,0.0,,,0.0,,,True,,,,,,,,,,,,,,,,,,,,,,,,,
oracle_strict,oracle,strict,0.15,8,109,37.074243783950806,0.0,True,,True,0.0,,0.0,,,0.0,,,True,,,,,,,,,,,,,,,,,,,,,,,,,
oracle_strict,oracle,strict,0.15,13,114,38.854849100112915,0.0,True,,True,0.0,,0.0,,,0.0,,,True,,,,,,,,,,,,,,,,,,,,,,,,,
oracle_strict,oracle,strict,0.15,9,110,40.963058948516846,0.0,True,,True,0.0,,0.0,,,0.0,,,True,,,,,,,,,,,,,,,,,,,,,,,,,
oracle_strict,oracle,strict,0.15,10,111,40.838500022888184,0.0,True,,True,0.0,,0.0,,,0.0,,,True,,,,,,,,,,,,,,,,,,,,,,,,,
oracle_strict,oracle,strict,0.15,12,113,40.63316297531128,0.0,True,,True,0.0,,0.0,,,0.0,,,True,,,,,,,,,,,,,,,,,,,,,,,,,
oracle_strict,oracle,strict,0.15,11,112,41.0850510597229,0.0,True,,True,0.0,,0.0,,,0.0,,,True,,,,,,,,,,,,,,,,,,,,,,,,,
oracle_strict,oracle,strict,0.15,14,115,33.99621391296387,0.0,True,,True,0.0,,0.0,,,0.0,,,True,,,,,,,,,,,,,,,,,,,,,,,,,
oracle_strict,oracle,strict,0.15,15,116,36.98034405708313,0.0,True,,True,0.0,,0.0,,,0.0,,,True,,,,,,,,,,,,,,,,,,,,,,,,,
oracle_strict,oracle,strict,0.15,16,117,33.05291795730591,0.0,True,,True,0.0,,0.0,,,0.0,,,True,,,,,,,,,,,,,,,,,,,,,,,,,
oracle_strict,oracle,strict,0.15,18,119,40.41303873062134,0.0,True,,True,0.0,,0.0,,,0.0,,,True,,,,,,,,,,,,,,,,,,,,,,,,,
oracle_strict,oracle,strict,0.15,17,118,41.32996702194214,0.0,True,,True,0.0,,0.0,,,0.0,,,True,,,,,,,,,,,,,,,,,,,,,,,,,
oracle_nuisance,oracle,nuisance,0.15,0,101,40.90432000160217,0.05819249796996208,False,0.9623454125369465,False,0.05822865626008162,0.08309851692157945,0.006836309879420363,0.9623454125369465,0.03765458746305362,0.0,,1.0,True,,,,,,,,,,,0.0006397089120840477,0.048618290545976585,,0.09723658109195311,,0.18629771135578232,,0.32755932480300115,,0.5319911771562025,,0.7835293311891159,,0.9735394241714607,
oracle_strict,oracle,strict,0.15,19,120,41.536843061447144,0.0,True,,True,0.0,,0.0,,,0.0,,,True,,,,,,,,,,,,,,,,,,,,,,,,,
oracle_nuisance,oracle,nuisance,0.15,1,102,32.48495411872864,0.06197280929166931,False,0.9735217575981373,False,0.0617004460744396,0.08723073065025329,0.007533108366079266,0.9735217575981373,0.02647824240186277,0.0,,1.0,True,,,,,,,,,,,0.0006497489107691735,0.04429918000662506,,0.08859836001325005,,0.16777927659950825,,0.3146600620412557,,0.5251801116948178,,0.7807195393961569,,0.9760889595706167,
oracle_nuisance,oracle,nuisance,0.15,2,103,35.203471183776855,0.05884371026032267,False,0.9635420071837527,False,0.0588541067136457,0.08293009819741351,0.006808627175162323,0.9635420071837527,0.03645799281624701,0.0,,1.0,True,,,,,,,,,,,0.0006183594113727964,0.04712819127835248,,0.09425638255670489,,0.1734512819864499,,0.30205334813775403,,0.5171065653435485,,0.7830532455819081,,0.9752289298459473,
oracle_nuisance,oracle,nuisance,0.15,3,104,32.64843702316284,0.06067638987371535,False,0.9645898965708961,False,0.06064024309587478,0.08581937211797697,0.007291314984416563,0.9645898965708961,0.035410103429103765,0.0,,1.0,True,,,,,,,,,,,0.0006359838430594377,0.045213436591128656,,0.09042687318225731,,0.17208421435600949,,0.3182070952045413,,0.5373459104954399,,0.8010477706956307,,0.9789987357505848,
oracle_nuisance,oracle,nuisance,0.15,5,106,38.06380796432495,0.05755586510992211,False,0.9611518488743664,False,0.05757153180274839,0.08190077077035791,0.006640658890250926,0.9611518488743664,0.038848151125633716,0.0,,1.0,True,,,,,,,,,,,0.0006561442967036374,0.05140036280177972,,0.10280072560355935,,0.1880961409172538,,0.33343405879014987,,0.5509676313338236,,0.798400210838011,,0.9783104871456393,
oracle_nuisance,oracle,nuisance,0.15,4,105,40.357314109802246,0.060463721466404365,False,0.9708669924606234,False,0.06059126003134335,0.08540311609878219,0.007220755316988249,0.9708669924606234,0.02913300753937652,0.0,,1.0,True,,,,,,,,,,,0.0006026322359593488,0.04298134470777922,,0.08596268941555843,,0.16662346381909537,,0.3066087584056983,,0.5295393384006992,,0.794852691088768,,0.978738474681135,
oracle_nuisance,oracle,nuisance,0.15,6,107,41.11886191368103,0.06139363597166362,False,0.9674275944681253,False,0.06154088765009073,0.08685407810264181,0.007468194574229208,0.9674275944681253,0.032572405531874564,0.0,,0.9999999999999999,True,,,,,,,,,,,0.000807124722032846,0.05585686524596424,,0.11171373049192845,,0.2002052815265567,,0.3464810720669006,,0.5508944299436017,,0.8008645045032434,,0.9775466500393956,
oracle_nuisance,oracle,nuisance,0.15,7,108,41.78798794746399,0.05314749679718129,False,0.969783838335817,False,0.053236841008194744,0.07543248414678769,0.005633159067909821,0.969783838335817,0.030216161664183023,0.0,,1.0,True,,,,,,,,,,,0.0004610668756660573,0.04219946738440653,,0.08439893476881302,,0.15935981440291788,,0.2878111602936356,,0.4994148068984696,,0.7706334948462354,,0.9722921067683995,
oracle_nuisance,oracle,nuisance,0.15,8,109,34.036327838897705,0.05901996315113686,False,0.9668385424098668,False,0.05898228419737414,0.0835928433482343,0.006917885824452017,0.9668385424098668,0.03316145759013305,0.0,,1.0,True,,,,,,,,,,,0.0006855887772333319,0.051251473870934525,,0.10250294774186894,,0.1873147619642663,,0.328439519485147,,0.5368878886309025,,0.7804470035029543,,0.9733303852080281,
oracle_nuisance,oracle,nuisance,0.15,10,111,33.72208881378174,0.05929082293756614,False,0.9623294010616987,False,0.0594291174701638,0.0839933971586733,0.006984341858592078,0.9623294010616987,0.03767059893830142,0.0,,1.0,True,,,,,,,,,,,0.0006143743977182599,0.045703964196361156,,0.09140792839272228,,0.1794228328867584,,0.32209642789917664,,0.5357698199331684,,0.7909655189373472,,0.9765885848890465,
oracle_nuisance,oracle,nuisance,0.15,9,110,36.42352271080017,0.05656688028121537,False,0.9651420991984765,False,0.05658021260850635,0.08087404994754162,0.006475205835368281,0.9651420991984765,0.03485790080152357,0.0,,1.0,True,,,,,,,,,,,0.0006903625786258969,0.055233480178197535,,0.11046696035639504,,0.19114142156814232,,0.32980838902082166,,0.5409013844344992,,0.7855276425654844,,0.9725061922725347,
oracle_nuisance,oracle,nuisance,0.15,11,112,42.47714376449585,0.06229529692473509,False,0.9670626536542968,False,0.062236463118223624,0.08863253317740591,0.007777168678069517,0.9670626536542968,0.03293734634570349,0.0,,0.9999999999999999,True,,,,,,,,,,,0.0007006193443873905,0.04657748109419661,,0.0931549621883932,,0.1746315335685317,,0.3133622445107708,,0.5237093607070248,,0.7735773676494926,,0.971795692494543,
oracle_nuisance,oracle,nuisance,0.15,12,113,60.72042393684387,0.06034688890536887,False,0.9703784715018895,False,0.060095613322085885,0.08422572638775443,0.007023033255689424,0.9703784715018895,0.02962152849811056,0.0,,0.9999999999999999,True,,,,,,,,,,,0.0006120664855095869,0.044905829840418646,,0.08981165968083729,,0.16547971544449955,,0.2988968300761179,,0.51845508883377,,0.788417404411348,,0.9758122928303609,
oracle_nuisance,oracle,nuisance,0.15,15,116,58.10107088088989,0.06206441549820028,False,0.971605210243532,False,0.06198343959884201,0.08816137487840894,0.007694703740246841,0.971605210243532,0.02839478975646797,0.0,,1.0,True,,,,,,,,,,,0.0007445345799898226,0.0497935556393038,,0.09958711127860753,,0.18836871958746385,,0.3411908089407279,,0.5576450892566077,,0.804329716256245,,0.975417155943215,
oracle_nuisance,oracle,nuisance,0.15,13,114,70.69145512580872,0.06431231030037486,False,0.9740490865832175,False,0.06442274707931873,0.09102609696883414,0.0082028928260858,0.9740490865832175,0.02595091341678252,0.0,,0.9999999999999998,True,,,,,,,,,,,0.0008618265879581972,0.05393143943437427,,0.10786287886874833,,0.20949574916825606,,0.3479484766834064,,0.5507055168391813,,0.7992339143523853,,0.9768895569422131,
oracle_nuisance,oracle,nuisance,0.15,14,115,70.5100429058075,0.06314170070594723,False,0.96065132782186,False,0.06320318387804011,0.08869966706175038,0.0077889546274967116,0.96065132782186,0.039348672178139914,0.0,,0.9999999999999998,True,,,,,,,,,,,0.0007893156379274898,0.05274432637680125,,0.10548865275360243,,0.19229391293911283,,0.32711991257102024,,0.5430167649775652,,0.793807099321071,,0.9752352835099645,
oracle_nuisance,oracle,nuisance,0.15,16,117,59.89552307128906,0.061364133054441355,False,0.9687791694830546,False,0.06144234979478925,0.08617578902180584,0.0073520039473954826,0.9687791694830546,0.031220830516945405,0.0,,1.0,True,,,,,,,,,,,0.0006630391907382007,0.04654560503752285,,0.0930912100750457,,0.17547587459646433,,0.31326964048163164,,0.5303693094415918,,0.7829363597057721,,0.9737851276775409,
oracle_nuisance,oracle,nuisance,0.15,17,118,71.67194175720215,0.06250886492307724,False,0.9641331821545533,False,0.06253135868403248,0.0877641335854181,0.007625517712559123,0.9641331821545533,0.035866817845446756,0.0,,1.0,True,,,,,,,,,,,0.0007975714411590179,0.054241692806910886,,0.1084833856138217,,0.19752611352955732,,0.3403412467955558,,0.5403270760405767,,0.7922342414005438,,0.9777517550431148,
oracle_nuisance,oracle,nuisance,0.15,18,119,62.365253925323486,0.058386631854828556,False,0.9719652502863285,False,0.05849054448420544,0.08257945278777802,0.00675117236250157,0.9719652502863285,0.028034749713671554,0.0,,1.0,True,,,,,,,,,,,0.0007115522727331308,0.0542184228342721,,0.10843684566854413,,0.19990734124722637,,0.34622033697395865,,0.55944075797225,,0.8059152258160729,,0.9772370733129024,
oracle_nuisance,oracle,nuisance,0.15,19,120,47.757062911987305,0.05725010839972003,False,0.9701079885124319,False,0.0573183398804959,0.08037889001801529,0.0063961583009229175,0.9701079885124319,0.02989201148756826,0.0,,0.9999999999999999,True,,,,,,,,,,,0.0007249773635346283,0.05841914092861286,,0.11683828185722572,,0.19995980706317643,,0.33889152701718167,,0.5445949184545351,,0.7883315848838417,,0.9762310053482763,
convergence,joint,strict,0.15,0,3,6555.623970985413,0.0,True,,True,0.015859325091087728,0.022364141394259473,0.0004951532720994057,0.7804008312123036,0.2195991687876964,0.015859325091087728,0.7804008312123036,,True,1999.0,1999.0,0.19325892946473236,0.958398007167423,4.041107909499106,0.005474220616062828,0.6842492525775277,0.24649082360595928,0.0003257186470532192,0.007706262784066705,3.608186765155624e-05,0.04668760940951193,0.04668760940951193,0.09337521881902383,0.09337521881902383,0.16844091119785964,0.16844091119785964,0.30422544665129164,0.30422544665129164,0.5046259815581382,0.5046259815581382,0.7700613812665881,0.7700613812665881,0.9760205614934012,0.9760205614934012
convergence,joint,strict,0.15,0,2,6559.075846910477,0.0,True,,True,0.015947046472066975,0.022541040859460557,0.0005030175377975918,0.777220308666662,0.22277969133333783,0.015947046472066975,0.777220308666662,,True,1999.0,1999.0,0.1918361180590295,0.9626829995279373,3.994413015429369,0.005450532204631084,0.6842492525775277,0.24649082360595928,0.0004173264049722736,0.016713759447045503,3.685057624284069e-05,0.04712886931317321,0.04712886931317321,0.09425773862634639,0.09425773862634639,0.17046087077906988,0.17046087077906988,0.30322157809033756,0.30322157809033756,0.5097427059650271,0.5097427059650271,0.7734459889041329,0.7734459889041329,0.9766168293995486,0.9766168293995486
convergence,joint,strict,0.15,0,4,6560.683254003525,0.0,True,,True,0.01594988558469966,0.022576509949927902,0.0005046018135040017,0.7795337934580568,0.2204662065419429,0.01594988558469966,0.7795337934580568,,True,1999.0,1999.0,0.19257218609304652,0.9503900931019279,4.052809868660117,0.0054250196756827716,0.6842492525775277,0.24649082360595928,0.0003551122362599468,0.012416586830576979,3.732662733463804e-05,0.047446589579653545,0.047446589579653545,0.09489317915930703,0.09489317915930703,0.16883756638567218,0.16883756638567218,0.2997116526880466,0.2997116526880466,0.502853690761976,0.502853690761976,0.7718058275037667,0.7718058275037667,0.9757690756731714,0.9757690756731714
convergence,joint,strict,0.15,0,1,6565.2488379478455,0.0,True,,True,0.015874859308450864,0.022486830618047023,0.0005006009757322897,0.779897172023781,0.2201028279762191,0.015874859308450864,0.779897172023781,,True,1999.0,1999.0,0.19216418209104552,0.9559654065180241,4.032360935280048,0.005415741754787405,0.6842492525775277,0.24649082360595928,0.00031105422026866947,0.007055522735777079,3.6168275886588046e-05,0.0463200237921035,0.0463200237921035,0.09264004758420692,0.09264004758420692,0.16744676850560106,0.16744676850560106,0.30043402776959277,0.30043402776959277,0.5053906071487316,0.5053906071487316,0.7711549749824863,0.7711549749824863,0.9752054666077283,0.9752054666077283
realism,joint,nuisance,0.15,2,103,6739.431696891785,0.05884371026032267,False,0.9635420071837527,False,0.05942931921838238,0.08435248931657678,0.007044189029364169,0.8962058137916127,0.10379418620838729,0.03716238648624216,0.8648916174386205,0.8032105147438405,True,1999.0,1999.0,0.3183369684842421,0.9914905472062487,0.5564774613843636,0.005494397892936359,0.688340651289043,0.23732322186784066,4.064811617177089e-05,0.005049721408553045,0.0006305205889225767,0.049937927936361856,0.05512487137448188,0.0998758558727237,0.11024974274896361,0.18643578050143395,0.19806348491569092,0.3261587478890568,0.329908407879697,0.5356380155217245,0.5228892421611196,0.7911490730589327,0.7720332767299934,0.9756623041212903,0.9703922996092084
realism,joint,nuisance,0.15,0,101,6761.399806976318,0.05819249796996208,False,0.9623454125369465,False,0.05432723750263633,0.07781616168493218,0.005994801469181751,0.9120947574194862,0.08790524258051378,0.03414809474054955,0.8852063276236664,0.8188096588779824,True,1999.0,1999.0,0.30700535267633816,0.985797400338395,0.5899005946154094,0.005876445674036344,0.6842492525775277,0.24649082360595928,5.763668052083393e-05,0.006704801266766645,0.0005281402567022004,0.048295260392579226,0.04593104093504732,0.09659052078515841,0.09186208187009454,0.1807192555779938,0.1732374893613894,0.32914219045031395,0.31511548392023697,0.5408841844461569,0.5211721527940887,0.7909606090944371,0.7681500114557712,0.9758811947597413,0.970538014722789
realism,joint,nuisance,0.15,1,102,6764.694869995117,0.06197280929166931,False,0.9735217575981373,False,0.0569070562420149,0.0799137311349112,0.006322342379663845,0.9297726668629505,0.07022733313704944,0.034823674561674255,0.8764785498107386,0.8309651834861957,True,1999.0,1999.0,0.31817388694347176,0.982308630369896,0.6199813270398853,0.004844499030758207,0.7595063630243764,0.1978680144348704,0.0002051726001341958,0.037172495265930416,0.000540507791461465,0.045974517217831426,0.050230599361606315,0.09194903443566282,0.10046119872321257,0.1798025212945193,0.18624221255438234,0.313780366303944,0.31244743651131573,0.5268630239702337,0.5132057211064677,0.7861139282247349,0.7632886922682045,0.9772242786150058,0.9698718882728079
realism,joint,nuisance,0.15,3,104,6275.872810840607,0.06067638987371535,False,0.9645898965708961,False,0.05768524251911315,0.08222143599735013,0.006692760892091681,0.9196941166878174,0.08030588331218264,0.03385401495224943,0.8789839885667639,0.83725936262116,True,1999.0,1999.0,0.312223811905953,0.9875390204572545,0.5417917074269497,0.005567354173341085,0.6719524247676242,0.23046969876126683,0.00013491545761579182,0.0047375057005694,0.000554537485883016,0.04504558128936835,0.04554240077418444,0.09009116257873662,0.09108480154836882,0.17218892218986306,0.169984833570457,0.31222620437152065,0.29910096776677897,0.5281895675153297,0.5060654488602961,0.7886273863069685,0.774125880166032,0.976059232522966,0.9717739165945936
realism,joint,nuisance,0.15,5,106,6386.961804151535,0.05755586510992211,False,0.9611518488743664,False,0.05685022124746092,0.08046339293385481,0.006409614026403636,0.9103053026896321,0.08969469731036808,0.03350499156580279,0.8858489550818536,0.8282860148590511,True,1999.0,1999.0,0.3154870435217609,0.9930335428775553,0.5357277794424087,0.005843453278662332,0.66379344649827,0.24560899183827842,0.0005862661165971783,0.017283089735384595,0.0005881672210561094,0.050402475952161026,0.05702088054164122,0.10080495190432202,0.1140417610832824,0.18950586075065812,0.1968691452672081,0.33137807184692175,0.32822632868676327,0.5458687444491963,0.5217664726293246,0.7994948837391962,0.7702573207017073,0.9788167521435596,0.9715263683283272
realism,joint,nuisance,0.15,6,107,6410.671052932739,0.06139363597166362,False,0.9674275944681253,False,0.0583288009219084,0.08280972371066996,0.0067888758376271185,0.9026242153717868,0.09737578462821314,0.035011513196927045,0.8866261220979494,0.8307196674513483,True,1999.0,1999.0,0.30335847923961984,0.9925305425747657,0.522609655400746,0.005116393531407018,0.6601535169837522,0.24351614422528214,0.0005942010796108343,0.013811725992270412,0.0007364335309542617,0.06008951688565131,0.04967633988906522,0.12017903377130255,0.09935267977813036,0.2221111873902363,0.17907120012728325,0.3716672222694976,0.3190454268492144,0.5705440044935632,0.5264028809888025,0.8066894872159623,0.7712875429323085,0.9782389977732202,0.9707547820115318
realism,joint,nuisance,0.15,4,105,6424.033842086792,0.060463721466404365,False,0.9708669924606234,False,0.060295113268046,0.0845053804368218,0.007069747729544266,0.9125762801570243,0.08742371984297574,0.034851114876805006,0.8602116582945157,0.8334193209976007,True,1999.0,1999.0,0.3161610805402701,0.9922673447649496,0.5165068004871807,0.005953012340519742,0.6540888275370361,0.2625825171077789,0.00015147061221087998,0.010454666488405774,0.0007799607775025863,0.0604462933449528,0.052547378900877614,0.12089258668990557,0.10509475780175521,0.20143219314341804,0.18641639987358946,0.34018012531234865,0.3215283563977356,0.5525438872607572,0.5269117952352415,0.8030587932119035,0.772688707047378,0.9779634107015275,0.970861830207698
realism,joint,nuisance,0.15,8,109,6350.248652935028,0.05901996315113686,False,0.9668385424098668,False,0.05821797227481558,0.08289771070521572,0.006803310135763978,0.919040638182203,0.08095936181779687,0.033886544635241836,0.8740954727356478,0.8327600870322269,True,1999.0,1999.0,0.3132996498249125,0.9902650486459218,0.5077015739663437,0.006381836550811017,0.6362023468112741,0.2676856258938079,8.538068289221101e-05,0.021460239483701186,0.0007236414120736053,0.05786799458134355,0.08066417475713497,0.11573598916268697,0.1613283495142699,0.19454413240900661,0.25959634683914257,0.3323388854340756,0.38248290769594245,0.5320994517382619,0.5574295094266245,0.787972405820713,0.7862353839897882,0.9747783947651987,0.9728355415457753
realism,joint,nuisance,0.15,9,110,6369.351639032364,0.05656688028121537,False,0.9651420991984765,False,0.05306775925648046,0.07511431254651894,0.005585738349842773,0.906145641018579,0.09385435898142098,0.03350704023473686,0.8816700608020459,0.8153408085316808,True,1999.0,1999.0,0.3115386193096549,0.9924035735337449,0.6103276142629173,0.005635932940541519,0.6516492697350508,0.2702923392882154,0.00014488597924278146,0.021585409675149884,0.00044997956389617746,0.04445127278835185,0.05501693043454039,0.08890254557670357,0.1100338608690807,0.16921753481806215,0.18732899872059833,0.3079517552890192,0.31555000041664844,0.5231023552342468,0.5216041429489746,0.7766869798606963,0.7706876701064247,0.974161740557384,0.9700837825491543
realism,joint,nuisance,0.15,7,108,6433.477360010147,0.05314749679718129,False,0.969783838335817,False,0.0490875109674932,0.06889321178037491,0.0046988118831214325,0.9320755244119789,0.06792447558802098,0.03294481522102216,0.8847847013039412,0.7969702617067954,True,1999.0,1999.0,0.3128736868434217,0.9909492065155526,0.7489374373237934,0.005849510640664649,0.7372281651732574,0.20010003154577344,9.71889525114289e-06,0.031120246436362603,0.00039306686491201817,0.04487425762210122,0.044731390635713346,0.08974851524420234,0.08946278127142668,0.16602076717705866,0.16432383525920002,0.3001965415912776,0.29935153517379876,0.5110728241702335,0.4933545901711434,0.7775256168099945,0.7454596527048938,0.9755635003910723,0.9651273580742608
realism,joint,nuisance,0.15,10,111,6412.042507171631,0.05929082293756614,False,0.9623294010616987,False,0.05775541576876793,0.0825415856825779,0.006744982233324404,0.8917875520493892,0.10821244795061066,0.03430019893170608,0.8621366414429258,0.8291984260552427,True,1999.0,1999.0,0.3133753376688344,0.9921350028206042,0.5360997721607901,0.005702103426906033,0.7285884585869365,0.20789863590092908,0.00010816135537528027,0.006911995802682722,0.0007826076478880425,0.0650536810320638,0.04370474620802203,0.13010736206412746,0.08740949241604401,0.21816610304456432,0.16966839777623402,0.35601931205839443,0.30685179476289526,0.5716570573036316,0.509250760079434,0.8100546305654766,0.7647615470868778,0.9786985356631677,0.9714583657856246
realism,joint,nuisance,0.15,11,112,6361.15011715889,0.06229529692473509,False,0.9670626536542968,False,0.05705484490243266,0.08117214993923677,0.006523028746500356,0.9094078886863662,0.09059211131363382,0.03822206872236649,0.8949039434223248,0.7987401137921786,True,1999.0,1999.0,0.3167612306153076,0.9886141134782338,0.592265161741667,0.005277898018741989,0.7311236922773745,0.19078379238077597,0.0008873372993809525,0.019516660593457632,0.000549464465657597,0.0463128605315969,0.0646272169395671,0.0926257210631938,0.12925443387913407,0.17761636579535742,0.21094106573448912,0.3123638943538937,0.3437906469707605,0.518817518520162,0.5436890992707796,0.7758500846457488,0.781337679167354,0.9729772463052575,0.9729674289419643
realism,joint,nuisance,0.15,13,114,6372.726384878159,0.06431231030037486,False,0.9740490865832175,False,0.06431589054444117,0.09125542320882722,0.00824427674237194,0.922987786949025,0.07701221305097516,0.03910687582103357,0.8884848497224236,0.815902269545501,True,1999.0,1999.0,0.3093570785392696,0.9903695363902906,0.45558490462638723,0.0054045846382672616,0.6522164532125491,0.25709668802387853,0.00046307268287126835,0.013689976541125366,0.0008661085388280401,0.05691068441059079,0.057494552419961056,0.11382136882118148,0.11498910483992211,0.20599151484524006,0.2060496658356279,0.36186037905768065,0.34489581885623144,0.5749671761106286,0.5385777977494727,0.8126266496293747,0.7868818928298092,0.9803576258392253,0.9744896974283969
realism,joint,nuisance,0.15,12,113,6405.288456916809,0.06034688890536887,False,0.9703784715018895,False,0.05831094982982042,0.08239600069022798,0.006721209920446608,0.9047455832412474,0.09525441675875251,0.03508783101792665,0.870294126454268,0.8249580701609843,True,1999.0,1999.0,0.31028814407203603,0.9920277836508332,0.5505657666643271,0.005605993464644001,0.6804688228417732,0.24885673997606822,7.01756183605351e-05,0.02448293842608446,0.0005546286246286645,0.045603518638900234,0.04183501301879875,0.0912070372778004,0.08367002603759738,0.16941319476668762,0.16049083668549344,0.3167009736412875,0.2953266535773101,0.5371832266797418,0.5005880874870802,0.8012362255397204,0.7629531510038926,0.976367634902062,0.9696713702889929
realism,joint,nuisance,0.15,14,115,6306.069528102875,0.06314170070594723,False,0.96065132782186,False,0.06287744268036688,0.08889884010648227,0.007823973734555121,0.8933278859509766,0.10667211404902363,0.036577972991202884,0.8475060729364188,0.8320136632768126,True,1999.0,1999.0,0.315487943971986,0.9921981772385391,0.4886750796956018,0.0056202203192878926,0.711180849334363,0.23350288591491816,1.0022173924095767e-07,0.0033551905813668697,0.0008158111497453526,0.05836081740274056,0.05591217966144742,0.11672163480548103,0.11182435932289465,0.21358561931300618,0.18942665292210642,0.3491782049399519,0.32935187117890996,0.5598293996999583,0.5246911988333455,0.8080268957444081,0.7811382136936884,0.9786992060876473,0.9745802195565071
realism,joint,nuisance,0.15,16,117,6399.559870958328,0.061364133054441355,False,0.9687791694830546,False,0.05987082276292239,0.08399517592815375,0.006984637683409484,0.9329660207824754,0.06703397921752478,0.03430752369545903,0.8826406663762817,0.8410856766422703,True,1999.0,1999.0,0.31492151075537766,0.9909877316527276,0.501322206649304,0.005605436194965736,0.6573307210025722,0.2666368558072806,8.585252552206768e-07,0.006318487742688791,0.0006542762396351593,0.0502020490649378,0.049680224978635126,0.1004040981298756,0.09936044995727025,0.1904377075840132,0.1767074034363746,0.32911724474850584,0.30957904300843386,0.5323672596086616,0.5085163181171893,0.7851462702770142,0.7602687969593453,0.9745952994520903,0.9694900695866764
realism,joint,nuisance,0.15,15,116,6441.3007917404175,0.06206441549820028,False,0.971605210243532,False,0.05714806392351784,0.08115762109530038,0.006520693867229862,0.9426387488289141,0.0573612511710858,0.03608689802465065,0.9091935129784983,0.8207901365753875,True,1999.0,1999.0,0.3026849924962481,0.9884758985564033,0.545881052491241,0.004937768637569073,0.6452513251892864,0.24507120472436278,0.00029629458185487234,0.016115770193465214,0.0006664518080123391,0.05421252745743936,0.0667169141996056,0.1084250549148787,0.13343382839921114,0.1966823910554584,0.22219624795848958,0.34431971639452263,0.35441192380772324,0.5565326380146547,0.5441533672163174,0.8029505456879302,0.7826203819127612,0.9775564139035436,0.9720176466983751
noise_sd0.075,joint,strict,0.075,1,102,6112.723680019379,0.0,True,,True,0.0055367848725464625,0.007746725107305462,5.9411632389275234e-05,0.6196202099609182,0.3803797900390819,0.0055367848725464625,0.6196202099609182,,True,1999.0,1999.0,0.13222776388194096,0.8929166764838389,15.298533167654467,0.002122261404385796,0.7595063630243764,0.1978680144348704,0.00012461380179418224,0.0020038445562065126,3.276641645976394e-06,0.04450429148625326,0.04450429148625326,0.08900858297250643,0.08900858297250643,0.17001475192146095,0.17001475192146095,0.30851628080871835,0.30851628080871835,0.5183112355266105,0.5183112355266105,0.7728420467283253,0.7728420467283253,0.9725889154158532,0.9725889154158532
noise_sd0.075,joint,strict,0.075,0,101,6158.704110145569,0.0,True,,True,0.00533905957975615,0.007603926809644786,5.7241505897170384e-05,0.5918164055987677,0.4081835944012323,0.00533905957975615,0.5918164055987677,,True,1999.0,1999.0,0.12903441720860429,0.8871509418023465,14.293696262939012,0.0024570863072483178,0.6842492525775277,0.24649082360595928,1.0211063894427497e-07,0.0030848166430232603,3.318133506727973e-06,0.048974026274820295,0.048974026274820295,0.09794805254964055,0.09794805254964055,0.17700329448312369,0.17700329448312369,0.3127675113505716,0.3127675113505716,0.5237087334338667,0.5237087334338667,0.7843038271508298,0.7843038271508298,0.9766133623091368,0.9766133623091368
realism,joint,nuisance,0.15,17,118,6331.557713985443,0.06250886492307724,False,0.9641331821545533,False,0.058756978580915886,0.08249145826152346,0.006736792279251541,0.9182505927383594,0.08174940726164073,0.03382774260125611,0.8844361460357271,0.8461079326532261,True,1999.0,1999.0,0.32334112056028014,0.990492993091153,0.5379203170279823,0.006087975381201732,0.6689773875490321,0.2545306491489002,0.00048561040551997614,0.015756601161747954,0.0006342195663343334,0.05126196699787439,0.052850249705491854,0.10252393399574863,0.1057004994109836,0.18771154696536338,0.18322300511928682,0.3294410412142855,0.3141398827799939,0.5377216859092365,0.5139325015729646,0.7921875286949437,0.7716600260898547,0.9768820935763854,0.9715093132055612
noise_sd0.075,joint,strict,0.075,3,104,6092.837762117386,0.0,True,,True,0.005037534897972279,0.007160416278179658,5.075884566405202e-05,0.6358946992535268,0.3641053007464732,0.005037534897972279,0.6358946992535268,,True,1999.0,1999.0,0.13764952476238118,0.8889550164535955,14.699053257771864,0.0022022445853576537,0.6719524247676242,0.23046969876126683,0.0003679775411680186,0.007353027891357794,3.308986295663971e-06,0.051258752342257526,0.051258752342257526,0.10251750468451497,0.10251750468451497,0.1817405410484611,0.1817405410484611,0.31339459454771446,0.31339459454771446,0.5168892339732815,0.5168892339732815,0.7801606515257692,0.7801606515257692,0.9744058622291562,0.9744058622291562
realism,joint,nuisance,0.15,19,120,6336.59043097496,0.05725010839972003,False,0.9701079885124319,False,0.05439153701141268,0.07651388843766174,0.005795831372612439,0.9220019702753971,0.07799802972460285,0.032393010768697286,0.8966883706363679,0.8331722840660425,True,1999.0,1999.0,0.304524012006003,0.9923143097686612,0.5876091878536746,0.004906691138601048,0.6688230444968656,0.2320207238929858,3.91418655000253e-05,0.03319935880012141,0.0006376237717024132,0.059660503438127156,0.0449984030032607,0.11932100687625426,0.0899968060065212,0.20183964910617197,0.17278126109103223,0.3460808452341263,0.3041375229078845,0.5543880832123594,0.5116746306573199,0.8002338123157148,0.7667960699278076,0.9763783712957871,0.9700016593437977
noise_sd0.075,joint,strict,0.075,2,103,6142.645709991455,0.0,True,,True,0.005379091905846514,0.007619612206573138,5.747790527677279e-05,0.5982105732182412,0.40178942678175883,0.005379091905846514,0.5982105732182412,,True,1999.0,1999.0,0.13211710855427714,0.8832949821139108,14.4048006307738,0.0020361051714547383,0.688340651289043,0.23732322186784066,2.9171097278846148e-05,0.01048569473633086,2.810340730423833e-06,0.04086711358479043,0.04086711358479043,0.08173422716958073,0.08173422716958073,0.15247018799194,0.15247018799194,0.2836745656815724,0.2836745656815724,0.4938416372527311,0.4938416372527311,0.7649829987349255,0.7649829987349255,0.9699226130244489,0.9699226130244489
realism,joint,nuisance,0.15,18,119,6477.642627000809,0.058386631854828556,False,0.9719652502863285,False,0.05364576633301172,0.07608047774674456,0.005730356703231166,0.923314163315162,0.0766858366848379,0.034912027183413276,0.8777335990367251,0.810145060446442,True,1999.0,1999.0,0.3120430215107554,0.983599796670057,0.6318043778595251,0.005473691384074291,0.7192026894283354,0.23002740324966248,0.0003900298999726104,0.012622332381929247,0.0005676203144613618,0.05364098942832609,0.053385405257184944,0.10728197885665203,0.10677081051436989,0.20201101351802253,0.1902576416980312,0.3523444447892424,0.32568988902119217,0.5719165488320742,0.5294756868357935,0.8147730886460621,0.7808852700472078,0.9772670946700731,0.974755133977675
noise_sd0.075,joint,strict,0.075,5,106,6137.149708986282,0.0,True,,True,0.005276416844307793,0.007375406158500652,5.3852649842820856e-05,0.6472591131895559,0.3527408868104442,0.005276416844307793,0.6472591131895559,,True,1999.0,1999.0,0.15054017008504253,0.8888523673564606,14.525863354401574,0.0024487289581356765,0.66379344649827,0.24560899183827842,0.0011996027173338808,0.01889428877965252,3.4027067305474045e-06,0.04881005227522339,0.04881005227522339,0.09762010455044673,0.09762010455044673,0.1763024948280977,0.1763024948280977,0.30935741449771464,0.30935741449771464,0.5128061642622703,0.5128061642622703,0.7743405404836631,0.7743405404836631,0.9760887733645198,0.9760887733645198
noise_sd0.075,joint,strict,0.075,4,105,6155.651265144348,0.0,True,,True,0.0054895318556968204,0.007768508288501301,5.974622381822828e-05,0.5598678648007223,0.4401321351992778,0.0054895318556968204,0.5598678648007223,,True,1999.0,1999.0,0.13774142071035517,0.8980662715195769,14.171431977688181,0.0025285715549828516,0.6540888275370361,0.2625825171077789,0.00028485184012094766,0.01796880685052113,3.2372783207459824e-06,0.04838982384282527,0.04838982384282527,0.09677964768565055,0.09677964768565055,0.1769662449198503,0.1769662449198503,0.3206262414408755,0.3206262414408755,0.5349222231206041,0.5349222231206041,0.792191333295763,0.792191333295763,0.9751411405615192,0.9751411405615192
noise_sd0.3,joint,strict,0.3,3,104,5990.835224151611,0.0,True,,True,0.04334434379699877,0.06107785022158845,0.0036931987498138846,0.7642333740602429,0.23576662593975714,0.04334434379699877,0.7642333740602429,,True,1999.0,1999.0,0.3033689344672336,0.9852245242155023,1.6047185081529083,0.01280999123207166,0.6719524247676242,0.23046969876126683,0.00014775503499098175,0.008831734129359834,0.0002277091605381322,0.04033869343005576,0.04033869343005576,0.08067738686011147,0.08067738686011147,0.15514602626604598,0.15514602626604598,0.2865294252933771,0.2865294252933771,0.48902706301154614,0.48902706301154614,0.7523114580456208,0.7523114580456208,0.9682620055148112,0.9682620055148112
noise_sd0.3,joint,strict,0.3,0,101,6229.610316753387,0.0,True,,True,0.043406781570599164,0.061162338855485957,0.003703423377330555,0.7624343081401896,0.2375656918598103,0.043406781570599164,0.7624343081401896,,True,1999.0,1999.0,0.3027263131565783,0.9844844766144051,1.6196182413437556,0.013236408846199154,0.6842492525775277,0.24649082360595928,0.0003752019525568029,0.030023339440434463,0.00022527045407637434,0.03989040490435168,0.03989040490435168,0.0797808098087033,0.0797808098087033,0.14948982446727888,0.14948982446727888,0.27631775109129053,0.27631775109129053,0.4808209852331242,0.4808209852331242,0.7517611962026236,0.7517611962026236,0.9716425839457732,0.9716425839457732
noise_sd0.3,joint,strict,0.3,2,103,6169.654593229294,0.0,True,,True,0.04563083062335043,0.06448774590105578,0.004117082677685145,0.7586082925186033,0.2413917074813964,0.04563083062335043,0.7586082925186033,,True,1999.0,1999.0,0.3118014507253627,0.9825760474355053,1.5106952978379715,0.012032680091491416,0.688340651289043,0.23732322186784066,0.00010205105597971276,0.007206307773535856,0.0002728634457722142,0.043682570785353675,0.043682570785353675,0.08736514157070734,0.08736514157070734,0.16072319254907222,0.16072319254907222,0.2892236587156039,0.2892236587156039,0.484997569584745,0.484997569584745,0.7444491313489359,0.7444491313489359,0.9661578234231711,0.9661578234231711
noise_sd0.3,joint,strict,0.3,1,102,6267.660668134689,0.0,True,,True,0.04294347080510682,0.06066659401038092,0.0036436312725321835,0.7985379617244539,0.20146203827554604,0.04294347080510682,0.7985379617244539,,True,1999.0,1999.0,0.32464907453726866,0.9857340718463213,1.7205423053114632,0.010996736929698306,0.7595063630243764,0.1978680144348704,3.152482921375821e-07,0.011065573686350702,0.00023812443671116383,0.04092078743771908,0.04092078743771908,0.08184157487543817,0.08184157487543817,0.1549847249453623,0.1549847249453623,0.281175204052985,0.281175204052985,0.47474046788326474,0.47474046788326474,0.7377227267652521,0.7377227267652521,0.9651168525524902,0.9651168525524902
noise_sd0.3,joint,strict,0.3,4,105,6208.285754919052,0.0,True,,True,0.042248728208118855,0.05869452407408448,0.0034105966847204497,0.7983490394732121,0.20165096052678813,0.042248728208118855,0.7983490394732121,,True,1999.0,1999.0,0.3113449724862431,0.9838486587986729,1.7592940501728263,0.015447753668775875,0.6540888275370361,0.2625825171077789,0.000858153659309413,0.024816105286825648,0.00021545415964252767,0.03956413862045506,0.03956413862045506,0.07912827724091008,0.07912827724091008,0.1550151288136618,0.1550151288136618,0.28306182208294056,0.28306182208294056,0.48609329555065767,0.48609329555065767,0.7514149561832596,0.7514149561832596,0.9653814029016543,0.9653814029016543
noise_sd0.3,joint,strict,0.3,5,106,5020.99969625473,0.0,True,,True,0.04349075138475556,0.06119972709073652,0.0037079525300208233,0.753394687647815,0.2466053123521848,0.04349075138475556,0.753394687647815,,True,1999.0,1999.0,0.32199179589794896,0.9861518318969761,1.6154329492130866,0.01303431708936726,0.66379344649827,0.24560899183827842,0.0018353170555011067,0.01050090005294919,0.00021850773003849705,0.03910930430481244,0.03910930430481244,0.07821860860962482,0.07821860860962482,0.15167985965744807,0.15167985965744807,0.2790604497641851,0.2790604497641851,0.48032924742358785,0.48032924742358785,0.7398322076370143,0.7398322076370143,0.9659362840190204,0.9659362840190204
