tag,screen,representation,coverage,fold_key,mse_better,mse_base,skill_better,skill_base,incremental_skill,better,base
primary,A375,ecfp4,1.0,p0f0,0.04304237954089961,0.043042607509960806,0.08820544706085565,0.08820061784484912,5.296358059792006e-06,lowrank,potential
primary,A375,ecfp4,1.0,p0f2,0.040902594079792055,0.04251637623990122,0.3445361444007188,0.31867529374907066,0.03795671933570488,lowrank,potential
primary,A375,ecfp4,1.0,p0f1,0.040351286110044356,0.04181854622469413,0.2661556834814275,0.2394715155207413,0.03508634917067843,lowrank,potential
primary,A375,ecfp4,1.0,p0f4,0.033984581824930624,0.03398464806963637,0.20482212498186747,0.2048205749753198,1.949253839894638e-06,lowrank,potential
primary,A375,ecfp4,1.0,p0f3,0.0393156536626269,0.03912189396492586,0.20919969149604345,0.21309699993284215,-0.004952717725648759,lowrank,potential
primary,A375,ecfp4,1.0,p0f5,0.04202984361151554,0.04281195747783733,0.33063789360292595,0.3181820446151824,0.018268584582395553,lowrank,potential
primary,A375,ecfp4,1.0,p0f6,0.02554070929175395,0.02670950071102536,0.21397952822181632,0.1780097369254322,0.04375938853806238,lowrank,potential
primary,A375,ecfp4,1.0,p0f8,0.033980686313577965,0.03390633536334151,0.2211272450746855,0.22283144636442942,-0.002192833564574448,lowrank,potential
primary,A375,ecfp4,1.0,p0f9,0.03567960836146675,0.036868107931329476,0.1207814145198719,0.09149435228330949,0.03223652193045623,lowrank,potential
primary,A375,ecfp4,1.0,p1f0,0.036918073012169636,0.03692991966660675,0.16158842640459115,0.16131938819706648,0.00032078744129582226,lowrank,potential
primary,A375,ecfp4,1.0,p0f7,0.04316146115905584,0.04850958578896483,0.19750882253983204,0.09807236426879617,0.11024882078307918,lowrank,potential
primary,A375,ecfp4,1.0,p1f1,0.027132354284963318,0.030537335457476205,0.2751954120713156,0.18423589010252495,0.11150223559139227,lowrank,potential
primary,A375,ecfp4,1.0,p1f2,0.04026508540941509,0.04026502366120794,0.3290025048069688,0.3290035338099352,-1.533544539134013e-06,lowrank,potential
primary,A375,ecfp4,1.0,p1f3,0.03835858566650307,0.04773436102492269,0.1973636596724665,0.0011797313378367758,0.19641564602748984,lowrank,potential
primary,A375,ecfp4,1.0,p1f5,0.05875896252833777,0.05984861397123141,0.14542376730704853,0.1295761385377795,0.018206794954640504,lowrank,potential
primary,A375,ecfp4,1.0,p1f4,0.02498387020086974,0.025845930746656677,0.3720661470483829,0.35039948789424114,0.0333538209258899,lowrank,potential
primary,A375,ecfp4,1.0,p1f6,0.048350939276909366,0.050781372673982174,0.22461277609325114,0.18563675964290438,0.04786072666204311,lowrank,potential
primary,A375,ecfp4,1.0,p1f7,0.027467244983069072,0.02822393505826186,0.2982720802388358,0.278940306968664,0.02681022591749782,lowrank,potential
primary,A375,ecfp4,1.0,p1f8,0.04164068800430194,0.04261083394534435,0.05593835618549625,0.0339435809851959,0.02276758869086648,lowrank,potential
primary,A375,ecfp4,1.0,p1f9,0.04034916563114756,0.04034932980624662,0.22205317182491646,0.2220500064683203,4.068843270865763e-06,lowrank,potential
primary,A375,ecfp4,1.0,p2f1,0.02923579872341442,0.02869567704756293,0.16498036130024263,0.18040707191931016,-0.018822405721818036,lowrank,potential
primary,A375,ecfp4,1.0,p2f0,0.038999961458134766,0.04376567826336185,0.31375432458808217,0.22989648407878538,0.10889164738974633,lowrank,potential
primary,A375,ecfp4,1.0,p2f2,0.04178357496366597,0.03771527626572583,0.10868294847945925,0.19546690613042783,-0.10786872325358665,lowrank,potential
primary,A375,ecfp4,1.0,p2f3,0.05248701030412396,0.05760399924964692,0.25640464601968216,0.1839111055377135,0.0888304460137691,lowrank,potential
primary,A375,ecfp4,1.0,p2f4,0.053853595647742905,0.057769890080654356,0.20801151652001315,0.1504172175418974,0.06779127374907223,lowrank,potential
primary,A375,ecfp4,1.0,p2f5,0.02659456659259454,0.025775355611492745,0.3469520837096438,0.36706837409354787,-0.03178272274685989,lowrank,potential
primary,A375,ecfp4,1.0,p2f8,0.03580095704783617,0.035801032429660484,0.05573114285008507,0.05572915461527328,2.1055768284483634e-06,lowrank,potential
primary,A375,ecfp4,1.0,p2f6,0.05066988421700406,0.05067011425246163,0.0725941640471841,0.07258995373115273,4.539864592034704e-06,lowrank,potential
primary,A375,ecfp4,1.0,p2f7,0.02064721631668874,0.01955684175735057,0.2692773017759462,0.3078665928384149,-0.05575412292367443,lowrank,potential
primary,A375,ecfp4,1.0,p2f9,0.04151925905002948,0.04330680706401276,0.2329083710433857,0.19988241756400582,0.041276375128304066,lowrank,potential
primary,PANC1,ecfp4,1.0,p0f0,0.019855731340629294,0.01985776965244144,0.1977815573884878,0.1976992047770708,0.00010264555626438021,lowrank,potential
primary,PANC1,ecfp4,1.0,p0f1,0.02359351058187869,0.02483584695057764,0.18883262356153618,0.14611991536347657,0.050021904675574436,lowrank,potential
primary,PANC1,ecfp4,1.0,p0f2,0.02167676705984906,0.024650008106783056,0.27970735673365776,0.18091016770398582,0.12061825838166096,lowrank,potential
primary,PANC1,ecfp4,1.0,p0f3,0.02791748868115992,0.02644974854442901,0.18637932644453814,0.22915479712852127,-0.05549164803081097,lowrank,potential
primary,PANC1,ecfp4,1.0,p0f4,0.02460723778553116,0.026802532167056678,0.19409417196530532,0.1221966046014662,0.08190623064427394,lowrank,potential
primary,PANC1,ecfp4,1.0,p0f5,0.02068836940077444,0.020812139841365446,-0.011208305100366633,-0.017257969770742898,0.005947030989336577,lowrank,potential
primary,PANC1,ecfp4,1.0,p0f6,0.018002483576874187,0.018094727674605016,0.14971121954250066,0.14535436949850422,0.005097843934965041,lowrank,potential
primary,PANC1,ecfp4,1.0,p0f7,0.015844206698747698,0.02049077123185637,0.40068130152595915,0.22492160201519518,0.2267637699202264,lowrank,potential
primary,PANC1,ecfp4,1.0,p0f8,0.01853908075237488,0.018651864313545888,0.008667144177352482,0.0026363138854470503,0.006046771479518931,lowrank,potential
primary,PANC1,ecfp4,1.0,p0f9,0.0170091551403967,0.018668186661396528,0.32668430338236076,0.26101073199963964,0.08886945213755004,lowrank,potential
primary,PANC1,ecfp4,1.0,p1f1,0.019967741347003864,0.021008511628276137,0.04545147982990283,-0.004302055863533605,0.049540410081762354,lowrank,potential
primary,PANC1,ecfp4,1.0,p1f0,0.020801132215610463,0.024213195138769513,0.24174004165931362,0.11736072118998053,0.14091749988400937,lowrank,potential
primary,PANC1,ecfp4,1.0,p1f2,0.024849309316955906,0.02663289134588753,0.18278828954105708,0.12413216747280797,0.06696914750140459,lowrank,potential
primary,PANC1,ecfp4,1.0,p1f7,0.017067680632408974,0.018308884949159675,0.21833569767406025,0.16149111948019568,0.0677924581533661,lowrank,potential
primary,PANC1,ecfp4,1.0,p1f4,0.022627301532291103,0.023376171232695697,0.1716552697604239,0.1442404996394272,0.03203560125180671,lowrank,potential
primary,PANC1,ecfp4,1.0,p1f3,0.022904798288929485,0.023096411988073957,0.2528597314189036,0.24660941177684792,0.008296253948163579,lowrank,potential
primary,PANC1,ecfp4,1.0,p1f5,0.024113352041415657,0.023054031765410272,0.07282338590077697,0.11355505128957888,-0.045949458506202134,lowrank,potential
primary,PANC1,ecfp4,1.0,p1f6,0.020370252068751253,0.022717637884163432,0.33263746693988394,0.2557332961640094,0.10332878036798676,lowrank,potential
primary,PANC1,ecfp4,1.0,p1f8,0.020172400969947057,0.021334514287662434,0.17453377702679262,0.12697943322455896,0.05447104640143685,lowrank,potential
primary,PANC1,ecfp4,1.0,p1f9,0.018303267278108683,0.021793015815459574,0.2945693706736141,0.16007013239615975,0.1601315103380655,lowrank,potential
primary,PANC1,ecfp4,1.0,p2f3,0.023872197008434393,0.023861119074741567,0.17848353946870177,0.17886476558182884,-0.0004642671476609017,lowrank,potential
primary,PANC1,ecfp4,1.0,p2f1,0.03085752854161788,0.030857580278801866,0.05781289801206746,0.057811318296848935,1.6766442318960628e-06,lowrank,potential
primary,PANC1,ecfp4,1.0,p2f2,0.019191187952760334,0.018896631025971312,-0.030495317774233976,-0.014678707847781025,-0.015587801147420643,lowrank,potential
primary,PANC1,ecfp4,1.0,p2f0,0.019603176097741985,0.024824528048165595,0.3770798569844451,0.21116361527568117,0.21033036117717618,lowrank,potential
primary,PANC1,ecfp4,1.0,p2f4,0.022087918812291083,0.024261801997402483,0.26955729919344873,0.19766745214787218,0.0896010603558689,lowrank,potential
primary,PANC1,ecfp4,1.0,p2f5,0.015117729742558329,0.01622672558443499,0.21013974862132612,0.1521977328981129,0.06834378483237757,lowrank,potential
primary,PANC1,ecfp4,1.0,p2f6,0.022285975134083865,0.02470973065099973,0.16523462044771076,0.07444805257947917,0.0980891111744191,lowrank,potential
primary,PANC1,ecfp4,1.0,p2f8,0.018416690811979806,0.019180169189062114,0.28719588302888066,0.25764602871690534,0.039805612221486375,lowrank,potential
primary,PANC1,ecfp4,1.0,p2f7,0.017055899107685964,0.01582346051965535,-0.0004048026048459885,0.07188323536940278,-0.07788679262034504,lowrank,potential
primary,PANC1,ecfp4,1.0,p2f9,0.027257649626628078,0.028064427787669363,0.1407462183319499,0.11531382796309342,0.02874735829802877,lowrank,potential
