screen,drug,label,incremental_skill,skill_better,skill_base,max_sim_to_train,n_pairs,stratum
A375,0,Allopurinol,0.08883808884558841,0.2690516090279449,0.1937377328535896,0.29411764705882354,270,medium
A375,1,Altretamine,0.02599271441669937,0.37696248313458014,0.3559792775313344,0.15,270,low
A375,2,Amifostine,-0.03578095958244831,-0.002782335859368638,0.03035127241431061,0.1574074074074074,270,low
A375,3,Aminolevulinic Acid,-0.05377228106311249,0.22935347200875547,0.2672930311933683,0.20512820512820515,270,low
A375,4,Anastrozole,0.09467664499872408,-0.053945800629745334,-0.1645814742333623,0.26,270,medium
A375,5,Arsenic Trioxide,0.022191740066959897,0.3977188827605988,0.3842560943931718,0.0,270,low
A375,6,Axitinib,0.04590735261137158,0.3066681895049646,0.2725108352267697,0.2122329362828512,270,low
A375,7,Azacitidine,-0.19922276453774845,-0.07244852554036325,0.10322196375292299,0.6444444444444445,270,high
A375,8,Bendamustine HCl,0.13764059293045194,0.28751175289437453,0.1841804222723646,0.52,270,high
A375,9,Bleomycin,-0.08048681252690604,-0.3200048332362034,-0.22375315374381088,0.14039938556067588,270,low
A375,10,Bortezomib,-0.061026216786879584,0.09906883374835151,0.15076818652640397,0.3176470588235294,270,medium
A375,11,Busulfan,0.04306999118765442,0.3844057276627792,0.35659249397750176,0.11159045153868279,270,low
A375,12,Cabazitaxel,0.06869861376420994,0.039518557199659465,-0.03134628445018254,0.7920792079207922,270,high
A375,13,Capecitabine,-0.4005069114475872,0.019588171558502527,0.3082441055916128,0.2857142857142857,270,medium
A375,14,Carboplatin,0.08413462878345823,0.566568491081375,0.5251855826892063,0.19576719576719573,270,low
A375,15,Carmustine,0.17561222360431672,0.383134277045162,0.2530733231987428,0.5277777777777778,270,high
A375,16,Celecoxib,0.14421247470255605,0.5628306563198999,0.4860403926576729,0.1744507870610621,270,low
A375,17,Chlorambucil,0.16356521157974813,0.2671533844670463,0.12023960629641717,0.5365853658536586,270,high
A375,18,Cisplatin,0.13057793898079895,0.36531564343394424,0.27332705750143327,0.057539682539682536,270,low
A375,19,Cladribine,0.0029497878503507158,0.3088767457243231,0.31112189148333347,0.6008004574042309,270,high
A375,20,Clofarabine,-0.00915553720516682,0.14778803300411858,0.15677152752260745,0.5787878787878787,270,high
A375,21,Crizotinib,-0.013510703951632896,0.3999424037281783,0.4051585237056274,0.1854901960784314,270,low
A375,22,Cyclophosphamide,0.08299856563847063,0.30432650716631465,0.23411066139123346,0.26988636363636365,270,medium
A375,23,Cytarabine; Ara-C,0.0007220874200801752,0.4115755508598715,0.41116406493689,0.6310185185185185,270,high
A375,24,Dacarbazine,0.02141671114060606,0.3356229899973348,0.31912285074338165,0.20094760312151616,270,low
A375,25,Dactinomycin,0.016952019182898792,-0.06632599756470425,-0.08462975806112294,0.18052333557833822,270,low
A375,26,Dasatinib,0.12994094221672858,0.3473481116947265,0.24870772736313904,0.24649859943977592,270,medium
A375,27,Daunorubicin HCl,3.7730211494002575e-06,0.31327545970426873,0.31327288954522153,0.8533333333333334,270,high
A375,28,Decitabine,-0.037688044915342056,-1.5172187692250703,-1.435505583638312,0.6000267630135153,270,high
A375,29,Dexrazoxane HCl,0.06031161986176903,0.35888599594308107,0.3169809243291181,0.20000000000000004,270,low
A375,30,Docetaxel,0.16213787863596774,-0.14068913691560128,-0.36241589923001233,0.783945061172784,270,high
A375,31,Doxorubicin HCl,0.20030794792050022,0.6306850648979282,0.539700194804109,0.8533333333333334,270,high
A375,32,Erlotinib HCl,0.012167511361079741,0.11745862159267151,0.10795773269712257,0.3830409356725146,270,medium
A375,33,Estramustine phosphate,-0.061813499308037256,-0.1538034287556401,-0.08505550563804605,0.22321036451471232,270,low
A375,34,Etoposide,0.014804165471350772,0.2071699202976355,0.1954656301265394,0.7530864197530865,270,high
A375,35,Everolimus,0.13173526442574968,0.41644992655100266,0.3271191112484561,0.8727272727272727,270,high
A375,36,Exemestane,-0.008550769266698177,-0.01713688999606607,-0.009684736964668946,0.21043771043771042,270,low
A375,37,Floxuridine,-0.07492393055265412,0.08844418608567657,0.1524313811078107,0.4716981132075471,270,medium
A375,38,Fludarabine Phosphate,0.048933614935467884,-0.002949687248279228,-0.06697241202611741,0.4615384615384615,270,medium
A375,39,Fluorouracil (5-FU),0.011657606129560016,0.11952134531459606,0.10968665574371735,0.3406404470234257,270,medium
A375,40,Fulvestrant,0.02484395317446131,-0.04252385245345924,-0.06926694671783451,0.24242424242424243,270,medium
A375,41,Gefitinib,0.010806778714196219,0.43311077827345024,0.4268554244226174,0.4444444444444444,270,medium
A375,42,Gemcitabine HCl,-0.008652303485762625,0.4052826169824195,0.4106810308601146,0.5361111111111111,270,high
A375,43,Hydroxyurea,0.004619268960581513,0.33853098297444917,0.33506028895016143,0.19354838709677416,270,low
A375,44,Ifosfamide,0.02111521934486471,0.3178401419393601,0.30361357419921237,0.22891963109354416,270,low
A375,45,Imatinib Mesylate,-0.24580234798397238,0.31182084708922925,0.4498973865144606,0.4360725563633694,270,medium
A375,46,Imiquimod,0.08941206790431144,0.2644231880945747,0.19159556927997803,0.20895522388059704,270,low
A375,47,Irinotecan HCl,-0.27318873861983417,0.3382290483963677,0.4755703687335875,0.5161290322580645,270,high
A375,48,Ixabepilone,0.025689024241180136,0.2580155265887619,0.23528736694331845,0.1595959595959596,270,low
A375,49,Lapatinib Ditosylate,-0.007042049255131744,0.4061114142813504,0.4105465306133494,0.31683168316831684,270,medium
A375,50,Lenalidomide,-0.1357386283806825,-0.08309292432167581,0.04461840879633431,0.5454545454545454,270,high
A375,51,Letrozole,0.05302850338844445,0.04565237363474406,-0.012258077776591714,0.26,270,medium
A375,52,Lomustine; CCNU,0.05955059433720189,0.22929903626266612,0.17477007683734122,0.5277777777777778,270,high
A375,53,Mechlorethamine HCl,-0.02522869279953488,-0.15153366534215937,-0.12318314708757798,0.22847222222222222,270,low
A375,54,Megestrol acetate,0.05917674788955185,-0.7935748802468264,-0.9088371753405431,0.21955430006277465,270,low
A375,55,Melphalan,0.11010767031233981,-0.021619243589907078,-0.14670021162516425,0.4669189795346229,270,medium
A375,56,Mercaptopurine,0.23770364626502372,0.4931640400473393,0.33755075086052067,0.5333333333333333,270,high
A375,57,Methotrexate,0.37197206281644324,0.4992077333148787,0.20433384158732637,0.6527777777777778,270,high
A375,58,Methoxsalen,0.15904694123141017,0.48752108289001805,0.39119064149519556,0.12301587301587302,270,low
A375,59,Mitomycin C,-0.02012894101295193,-0.04220604378106585,-0.02159143543782401,0.1393195521102498,270,low
A375,60,Mitotane; o;p'-DDD,0.0020965671373542882,0.014526294921216598,0.012510298562245207,0.125,270,low
A375,61,Mitoxantrone HCl,-0.007560525820990538,0.219457210015383,0.22546777347483335,0.16666666666666666,270,low
A375,62,Nelarabine,-0.23985233106194426,0.05020696566927633,0.23370422369883456,0.5157232704402516,270,medium
A375,63,Nilotinib,0.028630864205606676,0.12443255448590951,0.09929112123035484,0.4182872371074618,270,medium
A375,64,Oxaliplatin,0.0371882321577135,0.5762932734560234,0.5602471807217967,0.21832358674463936,270,low
A375,65,Paclitaxel,0.09848557271808678,0.2882122503617417,0.21304037776310306,0.7676767676767676,270,high
A375,66,Pazopanib HCl,0.04043132919122017,0.3308131983735082,0.3028310562262539,0.25773195876288657,270,medium
A375,67,Pemetrexed Disodium,0.08017483542247583,0.28737950543935487,0.22519741278840363,0.37804878048780494,270,medium
A375,68,Pentostatin,-0.11756735474788127,0.015108656020065059,0.11177214715378503,0.46896955503512877,270,medium
A375,69,Pipobroman,0.023280936920973883,0.03510756170480659,0.008763787330467898,0.1724137931034483,270,low
A375,70,Plicamycin,0.061128935774201754,0.31511485934870115,0.2698888366408892,0.24003048006096014,270,medium
A375,71,Pralatrexate,0.3237645484775079,0.5053587946290876,0.2670016388639194,0.6527777777777778,270,high
A375,72,Procarbazine HCl,-0.07846070224075219,0.22067247909911292,0.2789190033587376,0.24074074074074073,270,medium
A375,73,Raloxifene HCl,-0.08612715283492167,-1.4136214173916664,-1.2454105689102308,0.21126760563380284,270,low
A375,74,Romidepsin,-0.03581936730039326,0.32313830548755723,0.3472340228529644,0.14615384615384616,270,low
A375,75,Sirolimus (Rapamycin),0.2744429807033941,0.528118686036999,0.34912094795810916,0.8727272727272727,270,high
A375,76,Streptozocin,-0.24223381276704226,0.13747695872295285,0.30135704662540547,0.2413793103448276,270,medium
A375,77,Sunitinib Malate,0.030026583893825398,0.1293700554514916,0.10321768679059762,0.15527777777777776,270,low
A375,78,Tamoxifen Citrate,0.04620978595358971,0.27962209037671953,0.24571697392137057,0.19441649899396377,270,low
A375,79,Temozolomide,0.04752118901859981,0.37830558917769014,0.3479613603385485,0.1835071707953064,270,low
A375,80,Teniposide,0.16514014967687207,0.3106769650960907,0.16743048117457182,0.7530864197530865,270,high
A375,81,Thalidomide,0.006139300977803797,0.2093149959310513,0.20415902358109764,0.5454545454545454,270,high
A375,82,Thioguanine,0.05604860321593297,0.34690124967314184,0.30799314589389387,0.5333333333333333,270,high
A375,83,Thiotepa,0.16282765927338383,0.33831698053449105,0.21050777498040055,0.15,270,low
A375,84,Topotecan HCl,0.0069367320927582465,0.19769646361355217,0.19233218273924826,0.5161290322580645,270,high
A375,85,Tretinoin,7.109437303087773e-06,0.1685368743519767,0.1685305370912531,0.16,270,low
A375,86,Triethylenemelamine,-0.09581777004559244,0.313689640285508,0.37406160993240634,0.15,270,low
A375,87,Uracil mustard,0.11496919764262814,0.4602381140778001,0.3909379680215445,0.3495827843653931,270,medium
A375,88,Vemurafenib,0.024439231139554485,0.11831801061549463,0.10018000970536867,0.2110091743119266,270,low
A375,89,Vinblastine Sulfate,0.3621665655376888,0.40442139195882393,0.06297809376089303,0.8352430100002916,270,high
A375,90,Vincristine Sulfate,0.2700914740504756,0.5311738097694997,0.3578611957323172,0.883495145631068,270,high
A375,91,Vinorelbine Tartrate,0.14506583858838207,0.4815256904933527,0.391814289915505,0.7100066167862779,270,high
A375,92,Vismodegib,0.1984600286398257,0.6063749330860017,0.5086083744223071,0.2692307692307692,270,medium
A375,93,Vorinostat,-0.11263194561033085,-0.19086631192763415,-0.07074609231505646,0.2133200354609929,270,low
A375,94,Zoledronic Acid,-0.014933586140910782,-0.03286500711230463,-0.01826351840722673,0.14925373134328357,270,low
A375,95,abiraterone,-0.03707260053931338,0.010773192551371583,0.03873103184699286,0.20779727095516567,270,low
A375,96,carfilzomib,-0.008413876873830883,0.30600889553974137,0.3117970440772562,0.3176470588235294,270,medium
A375,97,sorafenib,-0.0010016100277729922,0.22612514484913657,0.23309866781673858,0.2692307692307692,270,medium
A375,98,valrubicin,0.026629171549420128,-0.4394022502623955,-0.48318042335553407,0.6161616161616161,270,high
A375,99,vandetanib,-0.1012935686394143,0.10357575561466344,0.1889356096878413,0.4444444444444444,270,medium
PANC1,0,Allopurinol,0.11978695264394312,0.1396699983655311,0.023656053582199726,0.29411764705882354,270,medium
PANC1,1,Altretamine,0.10185517838577252,0.2236122369590403,0.13829888733409104,0.15,270,low
PANC1,2,Amifostine,-0.017340886839409153,0.09717143961067816,0.11209993174037806,0.1574074074074074,270,low
PANC1,3,Aminolevulinic Acid,0.08812402281742437,0.21831945479816103,0.14317400235455632,0.20512820512820515,270,low
PANC1,4,Anastrozole,0.1273305611560166,0.08471361775274248,-0.051047154452799615,0.26,270,medium
PANC1,5,Arsenic Trioxide,0.016288441102794926,0.19533999547180603,0.18208370695835496,0.0,270,low
PANC1,6,Axitinib,0.06682658760230731,-0.0516868789162593,-0.13062989109885562,0.2122329362828512,270,low
PANC1,7,Azacitidine,-0.15876728560375564,-0.4377256655794249,-0.24658209530692754,0.6444444444444445,270,high
PANC1,8,Bendamustine HCl,-0.13441002552501158,0.05955230421645615,0.17086995352659987,0.52,270,high
PANC1,9,Bleomycin,-0.03067137702110867,0.2574425302673329,0.28210462056212965,0.14039938556067588,270,low
PANC1,10,Bortezomib,0.029943055417955278,0.2254391193713197,0.20265078813884974,0.3176470588235294,270,medium
PANC1,11,Busulfan,0.007544897876826773,0.25475925420292694,0.24991482877379392,0.11159045153868279,270,low
PANC1,12,Cabazitaxel,0.5138125937050209,0.7270582843618406,0.4419835733475712,0.7920792079207922,270,high
PANC1,13,Capecitabine,0.024300658445134182,-0.004710611102338613,-0.028917458449207678,0.2857142857142857,270,medium
PANC1,14,Carboplatin,0.03863027438606759,-0.19748473396923472,-0.24391762298006273,0.19576719576719573,270,low
PANC1,15,Carmustine,-0.003652209093422565,0.07689936927993794,0.08127957739057419,0.5277777777777778,270,high
PANC1,16,Celecoxib,0.1581869468369923,0.23400140726266563,0.09130447584231734,0.1744507870610621,270,low
PANC1,17,Chlorambucil,0.02407561420391724,-0.4745157239138848,-0.5106463603132073,0.5365853658536586,270,high
PANC1,18,Cisplatin,0.042191791070193996,0.19082027989262854,0.15405331738766218,0.057539682539682536,270,low
PANC1,19,Cladribine,0.032898052493441354,-0.07483714358943401,-0.10887796190791706,0.6008004574042309,270,high
PANC1,20,Clofarabine,-0.1160655176348393,0.06404530327535866,0.1588719212751434,0.5787878787878787,270,high
PANC1,21,Crizotinib,0.033203440740979695,0.2052406168752848,0.17806701140839934,0.1854901960784314,270,low
PANC1,22,Cyclophosphamide,-0.016919063778776833,0.20580758369663713,0.21850653977500786,0.26988636363636365,270,medium
PANC1,23,Cytarabine; Ara-C,0.022725869871262572,0.04833437001028584,0.02612838500655394,0.6310185185185185,270,high
PANC1,24,Dacarbazine,0.13523747238983064,0.060254642892292286,-0.09079222745758915,0.20094760312151616,270,low
PANC1,25,Dactinomycin,-0.007873168557362753,0.22772796993499111,0.2327647724084032,0.18052333557833822,270,low
PANC1,26,Dasatinib,0.054658949160672377,0.2927130992694584,0.2531977567150618,0.24649859943977592,270,medium
PANC1,27,Daunorubicin HCl,0.34767962251676987,0.5565500074213738,0.31750184560684813,0.8533333333333334,270,high
PANC1,28,Decitabine,0.15594055784541416,0.3470616339128428,0.22595592518792937,0.6000267630135153,270,high
PANC1,29,Dexrazoxane HCl,-0.0431733409641748,-0.2978515265225132,-0.24370480576226802,0.20000000000000004,270,low
PANC1,30,Docetaxel,0.3941360514282485,0.6546153504720036,0.42922102440687143,0.783945061172784,270,high
PANC1,31,Doxorubicin HCl,0.30974474561060006,0.6550776639842453,0.5009722505849744,0.8533333333333334,270,high
PANC1,32,Erlotinib HCl,-0.029702579539160334,0.2518204994404765,0.27274206548950275,0.3830409356725146,270,medium
PANC1,33,Estramustine phosphate,-0.11559741577866056,-0.09802480226109973,0.01758979270907916,0.22321036451471232,270,low
PANC1,34,Etoposide,0.1883262208648725,0.364991865677086,0.21730522072496075,0.7530864197530865,270,high
PANC1,35,Everolimus,0.16782811298736044,0.49046988334299363,0.39236299102185684,0.8727272727272727,270,high
PANC1,36,Exemestane,-0.03714541296760099,0.057459733695847816,0.09020828753082266,0.21043771043771042,270,low
PANC1,37,Floxuridine,0.06660562144779836,0.19942631307404568,0.1419334959610802,0.4716981132075471,270,medium
PANC1,38,Fludarabine Phosphate,0.17506325910581744,0.054640443157369156,-0.1459333682910854,0.4615384615384615,270,medium
PANC1,39,Fluorouracil (5-FU),-0.05848589553747363,-0.45736041198627947,-0.3833373730037483,0.3406404470234257,270,medium
PANC1,40,Fulvestrant,-0.08067941541852308,0.08486954295573768,0.15690052731105938,0.24242424242424243,270,medium
PANC1,41,Gefitinib,-0.1476812613085401,-0.03580087909541648,0.09345574811953576,0.4444444444444444,270,medium
PANC1,42,Gemcitabine HCl,-0.1644608699984038,-0.10487693373697697,0.052865257987085155,0.5361111111111111,270,high
PANC1,43,Hydroxyurea,-0.03772349849633816,0.17013429010222794,0.20382514012509292,0.19354838709677416,270,low
PANC1,44,Ifosfamide,-0.009889764992684347,0.15686353581166926,0.1646061070108512,0.22891963109354416,270,low
PANC1,45,Imatinib Mesylate,-0.0503511506687655,0.19313197322502174,0.2319090584288017,0.4360725563633694,270,medium
PANC1,46,Imiquimod,0.08833332509413327,0.2775458257555654,0.2085971084168101,0.20895522388059704,270,low
PANC1,47,Irinotecan HCl,-0.01936642616452966,0.2604612570870684,0.27457567235806557,0.5161290322580645,270,high
PANC1,48,Ixabepilone,0.018844129982502955,0.08909061805721386,0.07093181953235535,0.1595959595959596,270,low
PANC1,49,Lapatinib Ditosylate,-0.016966222687990085,0.167606358605255,0.18454122651512203,0.31683168316831684,270,medium
PANC1,50,Lenalidomide,0.054330317409722384,-0.0479012344280918,-0.10701858958135986,0.5454545454545454,270,high
PANC1,51,Letrozole,-0.02015575994323604,-0.37106876381020215,-0.343909742708805,0.26,270,medium
PANC1,52,Lomustine; CCNU,0.023445617509837424,0.28441537549517243,0.2673509645065262,0.5277777777777778,270,high
PANC1,53,Mechlorethamine HCl,-0.03486133588320994,-0.11641717046522952,-0.08112673676908533,0.22847222222222222,270,low
PANC1,54,Megestrol acetate,0.02186431177811221,-0.017212482090701548,-0.042165143572424256,0.21955430006277465,270,low
PANC1,55,Melphalan,0.03333752363739029,0.046138229334477456,0.013147646788286763,0.4669189795346229,270,medium
PANC1,56,Mercaptopurine,0.07811540636382219,0.03386265905953911,-0.04811712321682567,0.5333333333333333,270,high
PANC1,57,Methotrexate,0.09716656281513691,0.4257195499563253,0.3523453795968456,0.6527777777777778,270,high
PANC1,58,Methoxsalen,0.050745223200067247,0.13353039727263238,0.08695906341118231,0.12301587301587302,270,low
PANC1,59,Mitomycin C,-0.058809021986799825,-0.020939527867319712,0.03717447536448123,0.1393195521102498,270,low
PANC1,60,Mitotane; o;p'-DDD,0.07724818848857196,-0.00015059317039833875,-0.08561969385028152,0.125,270,low
PANC1,61,Mitoxantrone HCl,-0.015498104782708966,0.09878292608694905,0.11274339054810441,0.16666666666666666,270,low
PANC1,62,Nelarabine,-0.09164073606533063,-0.025336456347900344,0.05996548737716604,0.5157232704402516,270,medium
PANC1,63,Nilotinib,0.052227447967091334,0.13222482998614526,0.08505560319456858,0.4182872371074618,270,medium
PANC1,64,Oxaliplatin,-0.05621976661945771,0.3157904014386305,0.35191232303472947,0.21832358674463936,270,low
PANC1,65,Paclitaxel,0.10988845964253657,0.36404114692960216,0.2833847818934411,0.7676767676767676,270,high
PANC1,66,Pazopanib HCl,0.07200319914617492,-0.17219710228722027,-0.2646436239070988,0.25773195876288657,270,medium
PANC1,67,Pemetrexed Disodium,-0.12076772813316872,0.035798348640745305,0.13870254069425825,0.37804878048780494,270,medium
PANC1,68,Pentostatin,-0.08750458989106469,-0.18205885303883332,-0.086669151477118,0.46896955503512877,270,medium
PANC1,69,Pipobroman,0.0029088441382603136,-0.028596740510063962,-0.030389615061548136,0.1724137931034483,270,low
PANC1,70,Plicamycin,0.1068163946275541,0.09322097594452972,-0.013543506423118709,0.24003048006096014,270,medium
PANC1,71,Pralatrexate,0.1360914671285821,0.4416790183680952,0.3547809012332174,0.6527777777777778,270,high
PANC1,72,Procarbazine HCl,-0.014885931973458,0.338470407657423,0.3437607247071699,0.24074074074074073,270,medium
PANC1,73,Raloxifene HCl,0.03247414943658922,-0.1071076640500535,-0.14261720100858274,0.21126760563380284,270,low
PANC1,74,Romidepsin,-0.14310351044113823,0.3883089526081085,0.46480031983488007,0.14615384615384616,270,low
PANC1,75,Sirolimus (Rapamycin),0.43900990600916634,0.6496663878585897,0.3788725432596218,0.8727272727272727,270,high
PANC1,76,Streptozocin,-0.06774084392773028,-0.05076981728720997,0.015427169087925666,0.2413793103448276,270,medium
PANC1,77,Sunitinib Malate,0.06301202979761666,0.025414202004291158,-0.03590440031641232,0.15527777777777776,270,low
PANC1,78,Tamoxifen Citrate,0.13841910164333782,0.32022430318463774,0.2055871582407006,0.19441649899396377,270,low
PANC1,79,Temozolomide,0.03413660555520437,0.2331829586251646,0.20304508381301956,0.1835071707953064,270,low
PANC1,80,Teniposide,0.17877568735096971,0.4167398382288306,0.2870085182320135,0.7530864197530865,270,high
PANC1,81,Thalidomide,0.16802287412154404,-0.07428308320631187,-0.29250872860561555,0.5454545454545454,270,high
PANC1,82,Thioguanine,0.0008192933299222549,-0.8668212399127739,-0.8689939949325559,0.5333333333333333,270,high
PANC1,83,Thiotepa,0.04565536791408131,0.23762140257224393,0.2022011251369288,0.15,270,low
PANC1,84,Topotecan HCl,0.12152313399392412,0.3621510932678364,0.2758770491143496,0.5161290322580645,270,high
PANC1,85,Tretinoin,-0.08648888147180189,0.06476686369616506,0.1404723985250457,0.16,270,low
PANC1,86,Triethylenemelamine,-0.0026685494219789163,0.3038485433899993,0.30575226801215943,0.15,270,low
PANC1,87,Uracil mustard,-0.18838589597586042,-0.04414670921794872,0.121790146951637,0.3495827843653931,270,medium
PANC1,88,Vemurafenib,-0.1695507149836022,0.17372673908145675,0.29241724391651064,0.2110091743119266,270,low
PANC1,89,Vinblastine Sulfate,0.2777891242418584,0.5676685074713853,0.40500886831670546,0.8352430100002916,270,high
PANC1,90,Vincristine Sulfate,0.5463525954250301,0.7136974034282632,0.3691896570573843,0.883495145631068,270,high
PANC1,91,Vinorelbine Tartrate,0.35979891498179284,0.53915816953173,0.282835075517309,0.7100066167862779,270,high
PANC1,92,Vismodegib,-0.061891741777323483,0.141226077573518,0.19177611940095343,0.2692307692307692,270,medium
PANC1,93,Vorinostat,0.06824642624551425,0.09054708627460994,0.025043910450969837,0.2133200354609929,270,low
PANC1,94,Zoledronic Acid,0.11653182594353217,0.08554506553570644,-0.033955037901622166,0.14925373134328357,270,low
PANC1,95,abiraterone,0.0032451694729511704,-0.028248156135171027,-0.031165809341406076,0.20779727095516567,270,low
PANC1,96,carfilzomib,0.08986126970745878,0.19983360142411466,0.11902971899587833,0.3176470588235294,270,medium
PANC1,97,sorafenib,0.051517831470015985,-0.08522888451088151,-0.14459895404346698,0.2692307692307692,270,medium
PANC1,98,valrubicin,0.13970339011436195,0.5156959521671945,0.43936156204056886,0.6161616161616161,270,high
PANC1,99,vandetanib,0.03598560518943328,0.34635454751711886,0.32265154664048984,0.4444444444444444,270,medium
