tag,screen,coverage,family,split_seed,value
direction_shuffle,A375,0.1,additive,0,0.02290061168889244
direction_shuffle,A375,0.1,additive,1,0.03607994954882626
direction_shuffle,A375,0.1,additive,2,0.025872878823041966
direction_shuffle,A375,0.1,additive,3,0.023329099184203728
direction_shuffle,A375,0.1,additive,4,0.030439633642858486
direction_shuffle,A375,0.1,additive,5,0.028093654098199236
direction_shuffle,A375,0.1,additive,6,0.023400304456993606
direction_shuffle,A375,0.1,additive,7,0.027025926692880595
direction_shuffle,A375,0.1,order_insensitive,0,0.020926057931795625
direction_shuffle,A375,0.1,order_insensitive,1,0.023104010226797894
direction_shuffle,A375,0.1,order_insensitive,2,0.021808698264536817
direction_shuffle,A375,0.1,order_insensitive,3,0.020613308728971286
direction_shuffle,A375,0.1,order_insensitive,4,0.023330345131807196
direction_shuffle,A375,0.1,order_insensitive,5,0.022129415403783617
direction_shuffle,A375,0.1,order_insensitive,6,0.02216899072220792
direction_shuffle,A375,0.1,order_insensitive,7,0.023527255839826677
direction_shuffle,A375,0.1,structured,0,0.025704003374409323
direction_shuffle,A375,0.1,structured,1,0.0323221486038212
direction_shuffle,A375,0.1,structured,2,0.029323021360690645
direction_shuffle,A375,0.1,structured,3,0.027125478293409493
direction_shuffle,A375,0.1,structured,4,0.0336384411175079
direction_shuffle,A375,0.1,structured,5,0.033859057616747366
direction_shuffle,A375,0.1,structured,6,0.028989303522373434
direction_shuffle,A375,0.1,structured,7,0.03476461730591824
direction_shuffle,A375,0.1,unrestricted,0,0.02938343886831982
direction_shuffle,A375,0.1,unrestricted,1,0.036366076718156906
direction_shuffle,A375,0.1,unrestricted,2,0.03150528406870716
direction_shuffle,A375,0.1,unrestricted,3,0.027896264437835463
direction_shuffle,A375,0.1,unrestricted,4,0.033752052090711984
direction_shuffle,A375,0.1,unrestricted,5,0.034479356901497206
direction_shuffle,A375,0.1,unrestricted,6,0.024916931127414808
direction_shuffle,A375,0.1,unrestricted,7,0.03131625155043294
direction_shuffle,A375,0.4,additive,0,0.022573666978404464
direction_shuffle,A375,0.4,additive,1,0.025439446971829056
direction_shuffle,A375,0.4,additive,2,0.02476933163931043
direction_shuffle,A375,0.4,additive,3,0.021447595397756845
direction_shuffle,A375,0.4,additive,4,0.026531603420807726
direction_shuffle,A375,0.4,additive,5,0.02430058960309838
direction_shuffle,A375,0.4,additive,6,0.024215627140951428
direction_shuffle,A375,0.4,additive,7,0.024872102028544372
direction_shuffle,A375,0.4,order_insensitive,0,0.01740877725406928
direction_shuffle,A375,0.4,order_insensitive,1,0.01775599234511035
direction_shuffle,A375,0.4,order_insensitive,2,0.018543975807877772
direction_shuffle,A375,0.4,order_insensitive,3,0.016220827318839746
direction_shuffle,A375,0.4,order_insensitive,4,0.019351704149346102
direction_shuffle,A375,0.4,order_insensitive,5,0.017987453971794055
direction_shuffle,A375,0.4,order_insensitive,6,0.017952102576101428
direction_shuffle,A375,0.4,order_insensitive,7,0.01854757463437093
direction_shuffle,A375,0.4,structured,0,0.017059723203373626
direction_shuffle,A375,0.4,structured,1,0.018133486778155034
direction_shuffle,A375,0.4,structured,2,0.01941630246810004
direction_shuffle,A375,0.4,structured,3,0.016222254497769432
direction_shuffle,A375,0.4,structured,4,0.019857804771751787
direction_shuffle,A375,0.4,structured,5,0.017976550830181955
direction_shuffle,A375,0.4,structured,6,0.018388310652192423
direction_shuffle,A375,0.4,structured,7,0.019454817661860562
direction_shuffle,A375,0.4,unrestricted,0,0.01984935833373429
direction_shuffle,A375,0.4,unrestricted,1,0.019188402121771326
direction_shuffle,A375,0.4,unrestricted,2,0.02222254241072884
direction_shuffle,A375,0.4,unrestricted,3,0.017437520508754464
direction_shuffle,A375,0.4,unrestricted,4,0.020922399113193983
direction_shuffle,A375,0.4,unrestricted,5,0.01874577757874615
direction_shuffle,A375,0.4,unrestricted,6,0.020107959683436746
direction_shuffle,A375,0.4,unrestricted,7,0.02133140171404042
initvar,A375,0.1,additive,0,0.01745682264174521
initvar,A375,0.1,additive,1,0.021304710770505567
initvar,A375,0.1,order_insensitive,0,0.020484824561360575
initvar,A375,0.1,order_insensitive,1,0.023086565188539472
initvar,A375,0.1,structured,0,0.01456562658784245
initvar,A375,0.1,structured,1,0.015843185470562102
initvar,A375,0.1,unrestricted,0,0.014816708100596758
initvar,A375,0.1,unrestricted,1,0.016121123953593986
initvar,A375,0.4,additive,0,0.017122445464577953
initvar,A375,0.4,additive,1,0.019476653561665953
initvar,A375,0.4,order_insensitive,0,0.01747323261608575
initvar,A375,0.4,order_insensitive,1,0.017775393458239523
initvar,A375,0.4,structured,0,0.008195005849851972
initvar,A375,0.4,structured,1,0.007379994004482492
initvar,A375,0.4,unrestricted,0,0.008289080458769107
initvar,A375,0.4,unrestricted,1,0.007849129578217241
main,A375,0.05,additive,0,0.019018792770984925
main,A375,0.05,additive,1,0.025650321828364842
main,A375,0.05,additive,2,0.02177977283569136
main,A375,0.05,additive,3,0.021294487436736394
main,A375,0.05,additive,4,0.023497106073170494
main,A375,0.05,additive,5,0.021706546524015543
main,A375,0.05,additive,6,0.021154604844524444
main,A375,0.05,additive,7,0.022540533576195645
main,A375,0.05,order_insensitive,0,0.02521740098606538
main,A375,0.05,order_insensitive,1,0.03173756797902694
main,A375,0.05,order_insensitive,2,0.027246228300137357
main,A375,0.05,order_insensitive,3,0.024561931497780447
main,A375,0.05,order_insensitive,4,0.0278211660129658
main,A375,0.05,order_insensitive,5,0.02464377400898536
main,A375,0.05,order_insensitive,6,0.024150248336683115
main,A375,0.05,order_insensitive,7,0.02855247831538635
main,A375,0.05,structured,0,0.022805624925407705
main,A375,0.05,structured,1,0.024845172846555
main,A375,0.05,structured,2,0.024057235808283176
main,A375,0.05,structured,3,0.02342652288255877
main,A375,0.05,structured,4,0.021562970403449497
main,A375,0.05,structured,5,0.021126147033847596
main,A375,0.05,structured,6,0.02031762482596558
main,A375,0.05,structured,7,0.026186633399347955
main,A375,0.05,unrestricted,0,0.021395765745431616
main,A375,0.05,unrestricted,1,0.02471477995788595
main,A375,0.05,unrestricted,2,0.024083042308305165
main,A375,0.05,unrestricted,3,0.023527823071871894
main,A375,0.05,unrestricted,4,0.022984362954415433
main,A375,0.05,unrestricted,5,0.022587947695993222
main,A375,0.05,unrestricted,6,0.019926026203722823
main,A375,0.05,unrestricted,7,0.025057221082814697
main,A375,0.1,additive,0,0.017456743591448748
main,A375,0.1,additive,1,0.021298726817095635
main,A375,0.1,additive,2,0.020034984697058916
main,A375,0.1,additive,3,0.018272740438763025
main,A375,0.1,additive,4,0.021987798718255045
main,A375,0.1,additive,5,0.020413246874424126
main,A375,0.1,additive,6,0.019272743888423264
main,A375,0.1,additive,7,0.02039678294962742
main,A375,0.1,order_insensitive,0,0.02092605433438721
main,A375,0.1,order_insensitive,1,0.023773015674076924
main,A375,0.1,order_insensitive,2,0.021808699097854777
main,A375,0.1,order_insensitive,3,0.020586543057527072
main,A375,0.1,order_insensitive,4,0.023330350614614755
main,A375,0.1,order_insensitive,5,0.02212941633444065
main,A375,0.1,order_insensitive,6,0.02212621211417969
main,A375,0.1,order_insensitive,7,0.023527256685246606
main,A375,0.1,structured,0,0.014073542720342032
main,A375,0.1,structured,1,0.01610062845311532
main,A375,0.1,structured,2,0.01564477616749123
main,A375,0.1,structured,3,0.015878157470520272
main,A375,0.1,structured,4,0.016659757545021938
main,A375,0.1,structured,5,0.017112475682349606
main,A375,0.1,structured,6,0.014984668792558269
main,A375,0.1,structured,7,0.018462468835624617
main,A375,0.1,unrestricted,0,0.013772162995586076
main,A375,0.1,unrestricted,1,0.015097151215797817
main,A375,0.1,unrestricted,2,0.0159735048215553
main,A375,0.1,unrestricted,3,0.01572557331602315
main,A375,0.1,unrestricted,4,0.016318052775595605
main,A375,0.1,unrestricted,5,0.018012605439992925
main,A375,0.1,unrestricted,6,0.014832232987885286
main,A375,0.1,unrestricted,7,0.017391027114574947
main,A375,0.2,additive,0,0.017516934463022604
main,A375,0.2,additive,1,0.021500887853554973
main,A375,0.2,additive,2,0.01882172853962858
main,A375,0.2,additive,3,0.017233003206726907
main,A375,0.2,additive,4,0.019997317514411226
main,A375,0.2,additive,5,0.019428979819968446
main,A375,0.2,additive,6,0.018590611904125826
main,A375,0.2,additive,7,0.018714871185684948
main,A375,0.2,order_insensitive,0,0.01764714689627625
main,A375,0.2,order_insensitive,1,0.019049827528322218
main,A375,0.2,order_insensitive,2,0.02007098410010224
main,A375,0.2,order_insensitive,3,0.017416508380460896
main,A375,0.2,order_insensitive,4,0.019721747995498844
main,A375,0.2,order_insensitive,5,0.018631059434800607
main,A375,0.2,order_insensitive,6,0.0181729465542243
main,A375,0.2,order_insensitive,7,0.01959692079905303
main,A375,0.2,structured,0,0.01011654376450869
main,A375,0.2,structured,1,0.012393349325509034
main,A375,0.2,structured,2,0.011752859200885422
main,A375,0.2,structured,3,0.01138492471763161
main,A375,0.2,structured,4,0.011048732192816532
main,A375,0.2,structured,5,0.01179362636513827
main,A375,0.2,structured,6,0.011291121348591802
main,A375,0.2,structured,7,0.012445437699350153
main,A375,0.2,unrestricted,0,0.009523213137134825
main,A375,0.2,unrestricted,1,0.011577569916896121
main,A375,0.2,unrestricted,2,0.011135168357996224
main,A375,0.2,unrestricted,3,0.010946071428764243
main,A375,0.2,unrestricted,4,0.01184247670381869
main,A375,0.2,unrestricted,5,0.010999266753777352
main,A375,0.2,unrestricted,6,0.011366880252504343
main,A375,0.2,unrestricted,7,0.012099173190708959
main,A375,0.4,additive,0,0.01712233973472322
main,A375,0.4,additive,1,0.019479008329856034
main,A375,0.4,additive,2,0.017714208707715146
main,A375,0.4,additive,3,0.016766670230360256
main,A375,0.4,additive,4,0.019821837513184098
main,A375,0.4,additive,5,0.0188990524081659
main,A375,0.4,additive,6,0.018026075632697203
main,A375,0.4,additive,7,0.018210122436864366
main,A375,0.4,order_insensitive,0,0.017472035315893576
main,A375,0.4,order_insensitive,1,0.017753812305790425
main,A375,0.4,order_insensitive,2,0.018543997312104078
main,A375,0.4,order_insensitive,3,0.016240447260531775
main,A375,0.4,order_insensitive,4,0.019351718661778455
main,A375,0.4,order_insensitive,5,0.017987511931346026
main,A375,0.4,order_insensitive,6,0.017951434980538455
main,A375,0.4,order_insensitive,7,0.0185543863127118
main,A375,0.4,structured,0,0.008197117852404564
main,A375,0.4,structured,1,0.007284024013251428
main,A375,0.4,structured,2,0.008788655293893062
main,A375,0.4,structured,3,0.00774488157149495
main,A375,0.4,structured,4,0.008465951523348869
main,A375,0.4,structured,5,0.008101129915115916
main,A375,0.4,structured,6,0.00875513969710359
main,A375,0.4,structured,7,0.009460407695770695
main,A375,0.4,unrestricted,0,0.008252869440251893
main,A375,0.4,unrestricted,1,0.007797668082907285
main,A375,0.4,unrestricted,2,0.008911284990852366
main,A375,0.4,unrestricted,3,0.0074793746037899456
main,A375,0.4,unrestricted,4,0.008542264179889323
main,A375,0.4,unrestricted,5,0.007912715246718278
main,A375,0.4,unrestricted,6,0.00852152016481446
main,A375,0.4,unrestricted,7,0.00982338417755306
main,A375,0.7,additive,0,0.01646300365336639
main,A375,0.7,additive,1,0.01944343471614275
main,A375,0.7,additive,2,0.017836387972833188
main,A375,0.7,additive,3,0.01666159227952689
main,A375,0.7,additive,4,0.019493038224765048
main,A375,0.7,additive,5,0.018720299694914153
main,A375,0.7,additive,6,0.0177222675048535
main,A375,0.7,additive,7,0.017797774249738732
main,A375,0.7,order_insensitive,0,0.016992134671823724
main,A375,0.7,order_insensitive,1,0.01746507739869442
main,A375,0.7,order_insensitive,2,0.018887317522413734
main,A375,0.7,order_insensitive,3,0.01567872643235504
main,A375,0.7,order_insensitive,4,0.019125710668416753
main,A375,0.7,order_insensitive,5,0.017750501853896976
main,A375,0.7,order_insensitive,6,0.01759593682807921
main,A375,0.7,order_insensitive,7,0.01822755312808777
main,A375,0.7,structured,0,0.007484237435193218
main,A375,0.7,structured,1,0.007400483870883023
main,A375,0.7,structured,2,0.008612796781818192
main,A375,0.7,structured,3,0.007195687180040108
main,A375,0.7,structured,4,0.00857698957337003
main,A375,0.7,structured,5,0.007573774874586831
main,A375,0.7,structured,6,0.007828719349907707
main,A375,0.7,structured,7,0.008481098221224984
main,A375,0.7,unrestricted,0,0.006461235661364979
main,A375,0.7,unrestricted,1,0.006206246937734506
main,A375,0.7,unrestricted,2,0.00767331263607411
main,A375,0.7,unrestricted,3,0.006485069175716759
main,A375,0.7,unrestricted,4,0.007842794656344923
main,A375,0.7,unrestricted,5,0.006709721000738183
main,A375,0.7,unrestricted,6,0.006935043443617782
main,A375,0.7,unrestricted,7,0.007527894452654497
main,PANC1,0.05,additive,0,0.01121695782785042
main,PANC1,0.05,additive,1,0.013122882391013155
main,PANC1,0.05,additive,2,0.011613019398171009
main,PANC1,0.05,additive,3,0.014613885629418268
main,PANC1,0.05,additive,4,0.013780853973150669
main,PANC1,0.05,additive,5,0.014751763537100093
main,PANC1,0.05,additive,6,0.012888276090379434
main,PANC1,0.05,additive,7,0.014155321519578806
main,PANC1,0.05,order_insensitive,0,0.012665556002086194
main,PANC1,0.05,order_insensitive,1,0.014666838006030195
main,PANC1,0.05,order_insensitive,2,0.01396806937872241
main,PANC1,0.05,order_insensitive,3,0.016821235329599806
main,PANC1,0.05,order_insensitive,4,0.017032483642293785
main,PANC1,0.05,order_insensitive,5,0.017853830415661125
main,PANC1,0.05,order_insensitive,6,0.014666774490872779
main,PANC1,0.05,order_insensitive,7,0.01793197018988473
main,PANC1,0.05,structured,0,0.0127744252578447
main,PANC1,0.05,structured,1,0.013634993334675997
main,PANC1,0.05,structured,2,0.0132133104507528
main,PANC1,0.05,structured,3,0.01648937702516885
main,PANC1,0.05,structured,4,0.018643608915577686
main,PANC1,0.05,structured,5,0.01638246481994947
main,PANC1,0.05,structured,6,0.015276266652993791
main,PANC1,0.05,structured,7,0.01559959220183198
main,PANC1,0.05,unrestricted,0,0.012422902458681856
main,PANC1,0.05,unrestricted,1,0.014634918012585667
main,PANC1,0.05,unrestricted,2,0.01239648095843762
main,PANC1,0.05,unrestricted,3,0.015940531401833002
main,PANC1,0.05,unrestricted,4,0.017534096664280803
main,PANC1,0.05,unrestricted,5,0.016201126804282744
main,PANC1,0.05,unrestricted,6,0.014540902345476036
main,PANC1,0.05,unrestricted,7,0.01624401056153807
main,PANC1,0.1,additive,0,0.009438804438657737
main,PANC1,0.1,additive,1,0.012989729406558901
main,PANC1,0.1,additive,2,0.010880965670585531
main,PANC1,0.1,additive,3,0.013582947979440877
main,PANC1,0.1,additive,4,0.012760224621058554
main,PANC1,0.1,additive,5,0.013397731861227318
main,PANC1,0.1,additive,6,0.011530213140412495
main,PANC1,0.1,additive,7,0.0122304972651144
main,PANC1,0.1,order_insensitive,0,0.01191700730840295
main,PANC1,0.1,order_insensitive,1,0.01457320737298839
main,PANC1,0.1,order_insensitive,2,0.01382799901914668
main,PANC1,0.1,order_insensitive,3,0.01564918941498083
main,PANC1,0.1,order_insensitive,4,0.014484313813142814
main,PANC1,0.1,order_insensitive,5,0.015557402117607548
main,PANC1,0.1,order_insensitive,6,0.013309177745734086
main,PANC1,0.1,order_insensitive,7,0.014511439656294842
main,PANC1,0.1,structured,0,0.011468420146755216
main,PANC1,0.1,structured,1,0.012395508494326869
main,PANC1,0.1,structured,2,0.010915646476502835
main,PANC1,0.1,structured,3,0.015108337361202767
main,PANC1,0.1,structured,4,0.013074465667780668
main,PANC1,0.1,structured,5,0.012827753145141226
main,PANC1,0.1,structured,6,0.013560807196918889
main,PANC1,0.1,structured,7,0.013391525989187178
main,PANC1,0.1,unrestricted,0,0.01025283565514182
main,PANC1,0.1,unrestricted,1,0.012236209853417493
main,PANC1,0.1,unrestricted,2,0.010415353712790681
main,PANC1,0.1,unrestricted,3,0.014996237499625592
main,PANC1,0.1,unrestricted,4,0.01262448644845759
main,PANC1,0.1,unrestricted,5,0.013586608513605328
main,PANC1,0.1,unrestricted,6,0.013846081557996959
main,PANC1,0.1,unrestricted,7,0.013008734852836682
main,PANC1,0.2,additive,0,0.009035153744756094
main,PANC1,0.2,additive,1,0.01249749055219109
main,PANC1,0.2,additive,2,0.01039682737240022
main,PANC1,0.2,additive,3,0.012393764841039701
main,PANC1,0.2,additive,4,0.012047162462731992
main,PANC1,0.2,additive,5,0.012755687443832596
main,PANC1,0.2,additive,6,0.011211955962489055
main,PANC1,0.2,additive,7,0.01138680373692042
main,PANC1,0.2,order_insensitive,0,0.009133175021457558
main,PANC1,0.2,order_insensitive,1,0.01159459977484773
main,PANC1,0.2,order_insensitive,2,0.010140333843788185
main,PANC1,0.2,order_insensitive,3,0.011761008310977799
main,PANC1,0.2,order_insensitive,4,0.012213063534831049
main,PANC1,0.2,order_insensitive,5,0.011338918816816434
main,PANC1,0.2,order_insensitive,6,0.010498578718158534
main,PANC1,0.2,order_insensitive,7,0.01073979972084995
main,PANC1,0.2,structured,0,0.007135907138432193
main,PANC1,0.2,structured,1,0.008518746875626418
main,PANC1,0.2,structured,2,0.008061574009541222
main,PANC1,0.2,structured,3,0.009626770812529283
main,PANC1,0.2,structured,4,0.00837378348285971
main,PANC1,0.2,structured,5,0.009414858761508693
main,PANC1,0.2,structured,6,0.009096065130192867
main,PANC1,0.2,structured,7,0.008180433984979908
main,PANC1,0.2,unrestricted,0,0.006868758416011968
main,PANC1,0.2,unrestricted,1,0.008123738074692802
main,PANC1,0.2,unrestricted,2,0.007591342855150932
main,PANC1,0.2,unrestricted,3,0.009760216274832149
main,PANC1,0.2,unrestricted,4,0.008731197100001833
main,PANC1,0.2,unrestricted,5,0.008976788498113094
main,PANC1,0.2,unrestricted,6,0.00851410850444964
main,PANC1,0.2,unrestricted,7,0.007893428619655668
main,PANC1,0.4,additive,0,0.008617970947110587
main,PANC1,0.4,additive,1,0.012106094161614643
main,PANC1,0.4,additive,2,0.010048445847017145
main,PANC1,0.4,additive,3,0.011703007443475221
main,PANC1,0.4,additive,4,0.011982855009031568
main,PANC1,0.4,additive,5,0.011685058496210378
main,PANC1,0.4,additive,6,0.010633295414501073
main,PANC1,0.4,additive,7,0.011179223646249375
main,PANC1,0.4,order_insensitive,0,0.010476811324729543
main,PANC1,0.4,order_insensitive,1,0.010498237947316066
main,PANC1,0.4,order_insensitive,2,0.011894634375043284
main,PANC1,0.4,order_insensitive,3,0.013935505136066176
main,PANC1,0.4,order_insensitive,4,0.014536876398703954
main,PANC1,0.4,order_insensitive,5,0.010142334500443079
main,PANC1,0.4,order_insensitive,6,0.012499565541218744
main,PANC1,0.4,order_insensitive,7,0.013362940612969788
main,PANC1,0.4,structured,0,0.004901720322772995
main,PANC1,0.4,structured,1,0.005789036257560319
main,PANC1,0.4,structured,2,0.0049994472061106136
main,PANC1,0.4,structured,3,0.0058292976222892165
main,PANC1,0.4,structured,4,0.006399064068194572
main,PANC1,0.4,structured,5,0.005921492493003039
main,PANC1,0.4,structured,6,0.005709684578590571
main,PANC1,0.4,structured,7,0.0053234754089564055
main,PANC1,0.4,unrestricted,0,0.004802487982892617
main,PANC1,0.4,unrestricted,1,0.00592758567029475
main,PANC1,0.4,unrestricted,2,0.0051611701713002904
main,PANC1,0.4,unrestricted,3,0.005983930743071588
main,PANC1,0.4,unrestricted,4,0.006702724642107449
main,PANC1,0.4,unrestricted,5,0.00573484725912233
main,PANC1,0.4,unrestricted,6,0.006156556587725217
main,PANC1,0.4,unrestricted,7,0.0051314823794534415
main,PANC1,0.7,additive,0,0.008458153732544223
main,PANC1,0.7,additive,1,0.01193966905634497
main,PANC1,0.7,additive,2,0.009887765814658375
main,PANC1,0.7,additive,3,0.011566946420117852
main,PANC1,0.7,additive,4,0.011616185744822555
main,PANC1,0.7,additive,5,0.011601219716123264
main,PANC1,0.7,additive,6,0.01057624533728375
main,PANC1,0.7,additive,7,0.010882454843011025
main,PANC1,0.7,order_insensitive,0,0.010476715783651122
main,PANC1,0.7,order_insensitive,1,0.014130798222076565
main,PANC1,0.7,order_insensitive,2,0.011803604921613371
main,PANC1,0.7,order_insensitive,3,0.013843136685056805
main,PANC1,0.7,order_insensitive,4,0.014280516455617245
main,PANC1,0.7,order_insensitive,5,0.013996078882125335
main,PANC1,0.7,order_insensitive,6,0.012414847835326428
main,PANC1,0.7,order_insensitive,7,0.013106494333367979
main,PANC1,0.7,structured,0,0.004288403014310537
main,PANC1,0.7,structured,1,0.00525018381321471
main,PANC1,0.7,structured,2,0.004775262160813634
main,PANC1,0.7,structured,3,0.005286123965493996
main,PANC1,0.7,structured,4,0.005360831553432469
main,PANC1,0.7,structured,5,0.004929813578648823
main,PANC1,0.7,structured,6,0.005203722012107326
main,PANC1,0.7,structured,7,0.00460379067613522
main,PANC1,0.7,unrestricted,0,0.0035988198400330267
main,PANC1,0.7,unrestricted,1,0.004376871627189956
main,PANC1,0.7,unrestricted,2,0.004009917861025477
main,PANC1,0.7,unrestricted,3,0.004386385367813081
main,PANC1,0.7,unrestricted,4,0.004965780041056973
main,PANC1,0.7,unrestricted,5,0.004417717117400716
main,PANC1,0.7,unrestricted,6,0.0048374870082894435
main,PANC1,0.7,unrestricted,7,0.003945390962589657
