drug_index,label,normalised_name,pubchem_cid,pubchem_parent_cid,pubchem_title,chembl_id,chembl_parent_id,inchikey,chembl_inchikey,molecular_formula,smiles,deposited_smiles,chembl_smiles,n_name_hits,n_fragments,discarded_fragments,contains_metal,name_in_synonyms,databases_agree,flags,notes
0,Allopurinol,Allopurinol,135401907,135401907,Allopurinol,CHEMBL1467,CHEMBL1467,OFCNXPDARWKPPY-UHFFFAOYSA-N,OFCNXPDARWKPPY-UHFFFAOYSA-N,C5H4N4O,O=c1[nH]cnc2[nH]ncc12,C1=NNC2=C1C(=O)NC=N2,Oc1ncnc2[nH]ncc12,1,1,,False,True,True,,
1,Altretamine,Altretamine,2123,2123,Altretamine,CHEMBL1455,CHEMBL1455,UUVWYPNAQBNQJQ-UHFFFAOYSA-N,UUVWYPNAQBNQJQ-UHFFFAOYSA-N,C9H18N6,CN(C)c1nc(N(C)C)nc(N(C)C)n1,CN(C)C1=NC(=NC(=N1)N(C)C)N(C)C,CN(C)c1nc(N(C)C)nc(N(C)C)n1,1,1,,False,True,True,,
2,Amifostine,Amifostine,2141,2141,Amifostine,CHEMBL1006,CHEMBL1006,JKOQGQFVAUAYPM-UHFFFAOYSA-N,JKOQGQFVAUAYPM-UHFFFAOYSA-N,C5H15N2O3PS,NCCCNCCSP(=O)(O)O,C(CN)CNCCSP(=O)(O)O,NCCCNCCSP(=O)(O)O,1,1,,False,True,True,,
3,Aminolevulinic Acid,Aminolevulinic Acid,137,137,5-Aminolevulinic Acid,CHEMBL601,CHEMBL601,ZGXJTSGNIOSYLO-UHFFFAOYSA-N,ZGXJTSGNIOSYLO-UHFFFAOYSA-N,C5H9NO3,NCC(=O)CCC(=O)O,C(CC(=O)O)C(=O)CN,NCC(=O)CCC(=O)O,1,1,,False,True,True,,
4,Anastrozole,Anastrozole,2187,2187,Anastrozole,CHEMBL1399,CHEMBL1399,YBBLVLTVTVSKRW-UHFFFAOYSA-N,YBBLVLTVTVSKRW-UHFFFAOYSA-N,C17H19N5,CC(C)(C#N)c1cc(Cn2cncn2)cc(C(C)(C)C#N)c1,CC(C)(C#N)C1=CC(=CC(=C1)CN2C=NC=N2)C(C)(C)C#N,CC(C)(C#N)c1cc(Cn2cncn2)cc(C(C)(C)C#N)c1,1,1,,False,True,True,,
5,Arsenic Trioxide,Arsenic Trioxide,14888,,Arsenic Trioxide,CHEMBL5483015,CHEMBL5483015,QTLQKAJBUDWPIB-UHFFFAOYSA-N,MOQADKPFYVWPSE-UHFFFAOYSA-N,As2O3,[As+3].[As+3].[O-2].[O-2].[O-2],[O-2].[O-2].[O-2].[As+3].[As+3],O=[As][As+](=O)[O-],1,5,,True,True,False,caveat:metal-complex-kept-whole;check:pubchem-chembl-disagree,
6,Axitinib,Axitinib,6450551,6450551,Axitinib,CHEMBL1289926,CHEMBL1289926,RITAVMQDGBJQJZ-FMIVXFBMSA-N,RITAVMQDGBJQJZ-FMIVXFBMSA-N,C22H18N4OS,CNC(=O)c1ccccc1Sc1ccc2c(/C=C/c3ccccn3)n[nH]c2c1,CNC(=O)C1=CC=CC=C1SC2=CC3=C(C=C2)C(=NN3)/C=C/C4=CC=CC=N4,CNC(=O)c1ccccc1Sc1ccc2c(/C=C/c3ccccn3)n[nH]c2c1,1,1,,False,True,True,,
7,Azacitidine,Azacitidine,9444,9444,Azacytidine,CHEMBL1489,CHEMBL1489,NMUSYJAQQFHJEW-KVTDHHQDSA-N,NMUSYJAQQFHJEW-KVTDHHQDSA-N,C8H12N4O5,Nc1ncn([C@@H]2O[C@H](CO)[C@@H](O)[C@H]2O)c(=O)n1,C1=NC(=NC(=O)N1[C@H]2[C@@H]([C@@H]([C@H](O2)CO)O)O)N,Nc1ncn([C@@H]2O[C@H](CO)[C@@H](O)[C@H]2O)c(=O)n1,1,1,,False,True,True,,
8,Bendamustine HCl,Bendamustine HCl,77082,65628,Bendamustine Hydrochloride,CHEMBL487253,CHEMBL487253,YTKUWDBFDASYHO-UHFFFAOYSA-N,YTKUWDBFDASYHO-UHFFFAOYSA-N,C16H22Cl3N3O2,Cn1c(CCCC(=O)O)nc2cc(N(CCCl)CCCl)ccc21,CN1C2=C(C=C(C=C2)N(CCCl)CCCl)N=C1CCCC(=O)O.Cl,Cn1c(CCCC(=O)O)nc2cc(N(CCCl)CCCl)ccc21,1,2,Cl,False,True,True,,
9,Bleomycin,Bleomycin,5360373,5360373,Bleomycin,CHEMBL6067492,CHEMBL6067492,OYVAGSVQBOHSSS-WXFSZRTFSA-O,,C55H84N17O21S3+,Cc1c(N)nc([C@H](CC(N)=O)NC[C@H](N)C(N)=O)nc1C(=O)N[C@H](C(=O)N[C@H](C)[C@@H](O)[C@H](C)C(=O)N[C@H](C(=O)NCCc1nc(-c2nc(C(=O)NCCC[S+](C)C)cs2)cs1)[C@@H](C)O)[C@@H](OC1OC(CO)C(O)C(O)C1OC1OC(CO)C(O)C(OC(N)=O)C1O)c1cnc[nH]1,CC1=C(N=C(N=C1N)[C@H](CC(=O)N)NC[C@@H](C(=O)N)N)C(=O)N[C@@H]([C@H](C2=CN=CN2)OC3C(C(C(C(O3)CO)O)O)OC4C(C(C(C(O4)CO)O)OC(=O)N)O)C(=O)N[C@H](C)[C@H]([C@H](C)C(=O)N[C@@H]([C@@H](C)O)C(=O)NCCC5=NC(=CS5)C6=NC(=CS6)C(=O)NCCC[S+](C)C)O,,1,1,,False,True,False,check:no-chembl-structure,
10,Bortezomib,Bortezomib,387447,387447,Bortezomib,CHEMBL325041,CHEMBL325041,GXJABQQUPOEUTA-RDJZCZTQSA-N,GXJABQQUPOEUTA-RDJZCZTQSA-N,C19H25BN4O4,CC(C)C[C@H](NC(=O)[C@H](Cc1ccccc1)NC(=O)c1cnccn1)B(O)O,B([C@H](CC(C)C)NC(=O)[C@H](CC1=CC=CC=C1)NC(=O)C2=NC=CN=C2)(O)O,CC(C)C[C@H](NC(=O)[C@H](Cc1ccccc1)NC(=O)c1cnccn1)B(O)O,1,1,,False,True,True,,
11,Busulfan,Busulfan,2478,2478,Busulfan,CHEMBL820,CHEMBL820,COVZYZSDYWQREU-UHFFFAOYSA-N,COVZYZSDYWQREU-UHFFFAOYSA-N,C6H14O6S2,CS(=O)(=O)OCCCCOS(C)(=O)=O,CS(=O)(=O)OCCCCOS(=O)(=O)C,CS(=O)(=O)OCCCCOS(C)(=O)=O,1,1,,False,True,True,,
12,Cabazitaxel,Cabazitaxel,9854073,9854073,Cabazitaxel,CHEMBL1201748,CHEMBL1201748,BMQGVNUXMIRLCK-OAGWZNDDSA-N,BMQGVNUXMIRLCK-OAGWZNDDSA-N,C45H57NO14,CO[C@H]1C(=O)[C@]2(C)[C@@H](OC)C[C@H]3OC[C@@]3(OC(C)=O)[C@H]2[C@H](OC(=O)c2ccccc2)[C@]2(O)C[C@H](OC(=O)[C@H](O)[C@@H](NC(=O)OC(C)(C)C)c3ccccc3)C(C)=C1C2(C)C,CC1=C2[C@H](C(=O)[C@@]3([C@H](C[C@@H]4[C@]([C@H]3[C@@H]([C@@](C2(C)C)(C[C@@H]1OC(=O)[C@@H]([C@H](C5=CC=CC=C5)NC(=O)OC(C)(C)C)O)O)OC(=O)C6=CC=CC=C6)(CO4)OC(=O)C)OC)C)OC,CO[C@H]1C(=O)[C@]2(C)[C@@H](OC)C[C@H]3OC[C@@]3(OC(C)=O)[C@H]2[C@H](OC(=O)c2ccccc2)[C@]2(O)C[C@H](OC(=O)[C@H](O)[C@@H](NC(=O)OC(C)(C)C)c3ccccc3)C(C)=C1C2(C)C,1,1,,False,True,True,,
13,Capecitabine,Capecitabine,60953,60953,Capecitabine,CHEMBL1773,CHEMBL1773,GAGWJHPBXLXJQN-UORFTKCHSA-N,GAGWJHPBXLXJQN-UORFTKCHSA-N,C15H22FN3O6,CCCCCOC(=O)Nc1nc(=O)n([C@@H]2O[C@H](C)[C@@H](O)[C@H]2O)cc1F,CCCCCOC(=O)NC1=NC(=O)N(C=C1F)[C@H]2[C@@H]([C@@H]([C@H](O2)C)O)O,CCCCCOC(=O)Nc1nc(=O)n([C@@H]2O[C@H](C)[C@@H](O)[C@H]2O)cc1F,1,1,,False,True,True,,
14,Carboplatin,Carboplatin,10339178,2568,"Platinum, diammine[1,1-cyclobutanedi(carboxylato-kO)(2-)]-, (SP-4-2)-",CHEMBL1351,CHEMBL1351,OLESAACUTLOWQZ-UHFFFAOYSA-L,,C6H12N2O4Pt,C1CC(C1)(C(=O)[O-])C(=O)[O-].N.N.[Pt+2],C1CC(C1)(C(=O)O)C(=O)O.[NH2-].[NH2-].[Pt+2],,1,4,,True,True,False,caveat:metal-complex-kept-whole;check:no-chembl-structure;audited:structure-overridden,"AUDIT OVERRIDE. PubChem's name-indexed carboplatin record, CID 426756 -- the only hit for the literal name -- mis-depicts the two ammine (NH3) ligands as azanide anions [NH2-] and the chelating cyclobutane-1,1-dicarboxylate dianion as the neutral free diacid. The molecular formula is coincidentally identical (C6H12N2O4Pt) so the formula check cannot see it, and CHEMBL1351 carries no structure at all so the cross-check could not fire. Formal charge and hydrogen count are both Morgan atom invariants, so this reaches the features: ECFP4 Tanimoto between the two depictions is 0.50, and the mis-depicted one is 0.875 similar to bare 1,1-cyclobutanedicarboxylic acid. That is the exact failure the fragment rule was written to prevent, arriving by a different route. Corroboration: CID 10339178; DrugBank DB00958; ChEBI:31355; FDA UNII BG3F62OND5"
15,Carmustine,Carmustine,2578,2578,Carmustine,CHEMBL513,CHEMBL513,DLGOEMSEDOSKAD-UHFFFAOYSA-N,DLGOEMSEDOSKAD-UHFFFAOYSA-N,C5H9Cl2N3O2,O=NN(CCCl)C(=O)NCCCl,C(CCl)NC(=O)N(CCCl)N=O,O=NN(CCCl)C(=O)NCCCl,1,1,,False,True,True,,
16,Celecoxib,Celecoxib,2662,2662,Celecoxib,CHEMBL118,CHEMBL118,RZEKVGVHFLEQIL-UHFFFAOYSA-N,RZEKVGVHFLEQIL-UHFFFAOYSA-N,C17H14F3N3O2S,Cc1ccc(-c2cc(C(F)(F)F)nn2-c2ccc(S(N)(=O)=O)cc2)cc1,CC1=CC=C(C=C1)C2=CC(=NN2C3=CC=C(C=C3)S(=O)(=O)N)C(F)(F)F,Cc1ccc(-c2cc(C(F)(F)F)nn2-c2ccc(S(N)(=O)=O)cc2)cc1,1,1,,False,True,True,,
17,Chlorambucil,Chlorambucil,2708,2708,Chlorambucil,CHEMBL515,CHEMBL515,JCKYGMPEJWAADB-UHFFFAOYSA-N,JCKYGMPEJWAADB-UHFFFAOYSA-N,C14H19Cl2NO2,O=C(O)CCCc1ccc(N(CCCl)CCCl)cc1,C1=CC(=CC=C1CCCC(=O)O)N(CCCl)CCCl,O=C(O)CCCc1ccc(N(CCCl)CCCl)cc1,1,1,,False,True,True,,
18,Cisplatin,Cisplatin,5702198,,azane;dichloroplatinum,CHEMBL11359,CHEMBL11359,LXZZYRPGZAFOLE-UHFFFAOYSA-L,,Cl2H6N2Pt,N.N.[Cl][Pt][Cl],N.N.Cl[Pt]Cl,,1,3,,True,True,False,caveat:metal-complex-kept-whole;check:no-chembl-structure,
19,Cladribine,Cladribine,20279,20279,Cladribine,CHEMBL1619,CHEMBL1619,PTOAARAWEBMLNO-KVQBGUIXSA-N,PTOAARAWEBMLNO-KVQBGUIXSA-N,C10H12ClN5O3,Nc1nc(Cl)nc2c1ncn2[C@H]1C[C@H](O)[C@@H](CO)O1,C1[C@@H]([C@H](O[C@H]1N2C=NC3=C(N=C(N=C32)Cl)N)CO)O,Nc1nc(Cl)nc2c1ncn2[C@H]1C[C@H](O)[C@@H](CO)O1,1,1,,False,True,True,,
20,Clofarabine,Clofarabine,119182,119182,Clofarabine,CHEMBL1750,CHEMBL1750,WDDPHFBMKLOVOX-AYQXTPAHSA-N,WDDPHFBMKLOVOX-AYQXTPAHSA-N,C10H11ClFN5O3,Nc1nc(Cl)nc2c1ncn2[C@@H]1O[C@H](CO)[C@@H](O)[C@@H]1F,C1=NC2=C(N=C(N=C2N1[C@H]3[C@H]([C@@H]([C@H](O3)CO)O)F)Cl)N,Nc1nc(Cl)nc2c1ncn2[C@@H]1O[C@H](CO)[C@@H](O)[C@@H]1F,1,1,,False,True,True,,
21,Crizotinib,Crizotinib,11626560,11626560,Crizotinib,CHEMBL601719,CHEMBL601719,KTEIFNKAUNYNJU-GFCCVEGCSA-N,KTEIFNKAUNYNJU-GFCCVEGCSA-N,C21H22Cl2FN5O,C[C@@H](Oc1cc(-c2cnn(C3CCNCC3)c2)cnc1N)c1c(Cl)ccc(F)c1Cl,C[C@H](C1=C(C=CC(=C1Cl)F)Cl)OC2=C(N=CC(=C2)C3=CN(N=C3)C4CCNCC4)N,C[C@@H](Oc1cc(-c2cnn(C3CCNCC3)c2)cnc1N)c1c(Cl)ccc(F)c1Cl,1,1,,False,True,True,,
22,Cyclophosphamide,Cyclophosphamide,2907,2907,Cyclophosphamide,CHEMBL1200796,CHEMBL88,CMSMOCZEIVJLDB-UHFFFAOYSA-N,CMSMOCZEIVJLDB-UHFFFAOYSA-N,C7H15Cl2N2O2P,O=P1(N(CCCl)CCCl)NCCCO1,C1CNP(=O)(OC1)N(CCCl)CCCl,O=P1(N(CCCl)CCCl)NCCCO1,1,1,,False,True,True,,
23,Cytarabine; Ara-C,Cytarabine,6253,6253,Cytarabine,CHEMBL803,CHEMBL803,UHDGCWIWMRVCDJ-CCXZUQQUSA-N,UHDGCWIWMRVCDJ-CCXZUQQUSA-N,C9H13N3O5,Nc1ccn([C@@H]2O[C@H](CO)[C@@H](O)[C@@H]2O)c(=O)n1,C1=CN(C(=O)N=C1N)[C@H]2[C@H]([C@@H]([C@H](O2)CO)O)O,Nc1ccn([C@@H]2O[C@H](CO)[C@@H](O)[C@@H]2O)c(=O)n1,1,1,,False,True,True,,
24,Dacarbazine,Dacarbazine,135398738,135398738,Dacarbazine,CHEMBL476,CHEMBL476,FDKXTQMXEQVLRF-ZHACJKMWSA-N,FDKXTQMXEQVLRF-ZHACJKMWSA-N,C6H10N6O,CN(C)/N=N/c1nc[nH]c1C(N)=O,CN(C)/N=N/C1=C(NC=N1)C(=O)N,CN(C)/N=N/c1[nH]cnc1C(N)=O,1,1,,False,True,True,,
25,Dactinomycin,Dactinomycin,457193,457193,Dactinomycin,CHEMBL1554,CHEMBL1554,RJURFGZVJUQBHK-IIXSONLDSA-N,RJURFGZVJUQBHK-IIXSONLDSA-N,C62H86N12O16,Cc1c2oc3c(C)ccc(C(=O)N[C@@H]4C(=O)N[C@H](C(C)C)C(=O)N5CCC[C@H]5C(=O)N(C)CC(=O)N(C)[C@@H](C(C)C)C(=O)O[C@@H]4C)c3nc-2c(C(=O)N[C@@H]2C(=O)N[C@H](C(C)C)C(=O)N3CCC[C@H]3C(=O)N(C)CC(=O)N(C)[C@@H](C(C)C)C(=O)O[C@@H]2C)c(N)c1=O,C[C@@H]1[C@@H](C(=O)N[C@@H](C(=O)N2CCC[C@H]2C(=O)N(CC(=O)N([C@H](C(=O)O1)C(C)C)C)C)C(C)C)NC(=O)C3=C4C(=C(C=C3)C)OC5=C(C(=O)C(=C(C5=N4)C(=O)N[C@H]6[C@H](OC(=O)[C@@H](N(C(=O)CN(C(=O)[C@@H]7CCCN7C(=O)[C@H](NC6=O)C(C)C)C)C)C(C)C)C)N)C,Cc1c2oc3c(C)ccc(C(=O)N[C@@H]4C(=O)N[C@H](C(C)C)C(=O)N5CCC[C@H]5C(=O)N(C)CC(=O)N(C)[C@@H](C(C)C)C(=O)O[C@@H]4C)c3nc-2c(C(=O)N[C@@H]2C(=O)N[C@H](C(C)C)C(=O)N3CCC[C@H]3C(=O)N(C)CC(=O)N(C)[C@@H](C(C)C)C(=O)O[C@@H]2C)c(N)c1=O,1,1,,False,True,True,,
26,Dasatinib,Dasatinib,3062316,3062316,Dasatinib,CHEMBL5416410,CHEMBL1421,ZBNZXTGUTAYRHI-UHFFFAOYSA-N,ZBNZXTGUTAYRHI-UHFFFAOYSA-N,C22H26ClN7O2S,Cc1nc(Nc2ncc(C(=O)Nc3c(C)cccc3Cl)s2)cc(N2CCN(CCO)CC2)n1,CC1=C(C(=CC=C1)Cl)NC(=O)C2=CN=C(S2)NC3=CC(=NC(=N3)C)N4CCN(CC4)CCO,Cc1nc(Nc2ncc(C(=O)Nc3c(C)cccc3Cl)s2)cc(N2CCN(CCO)CC2)n1,1,1,,False,True,True,,
27,Daunorubicin HCl,Daunorubicin HCl,62770,30323,Daunorubicin Hydrochloride,CHEMBL178,CHEMBL178,STQGQHZAVUOBTE-VGBVRHCVSA-N,STQGQHZAVUOBTE-VGBVRHCVSA-N,C27H30ClNO10,COc1cccc2c1C(=O)c1c(O)c3c(c(O)c1C2=O)C[C@@](O)(C(C)=O)C[C@@H]3O[C@H]1C[C@H](N)[C@H](O)[C@H](C)O1,C[C@H]1[C@H]([C@H](C[C@@H](O1)O[C@H]2C[C@@](CC3=C2C(=C4C(=C3O)C(=O)C5=C(C4=O)C(=CC=C5)OC)O)(C(=O)C)O)N)O.Cl,COc1cccc2c1C(=O)c1c(O)c3c(c(O)c1C2=O)C[C@@](O)(C(C)=O)C[C@@H]3O[C@H]1C[C@H](N)[C@H](O)[C@H](C)O1,1,2,Cl,False,True,True,,
28,Decitabine,Decitabine,451668,451668,5-Aza-2'-deoxycytidine,CHEMBL1201129,CHEMBL1201129,XAUDJQYHKZQPEU-KVQBGUIXSA-N,XAUDJQYHKZQPEU-KVQBGUIXSA-N,C8H12N4O4,Nc1ncn([C@H]2C[C@H](O)[C@@H](CO)O2)c(=O)n1,C1[C@@H]([C@H](O[C@H]1N2C=NC(=NC2=O)N)CO)O,Nc1ncn([C@H]2C[C@H](O)[C@@H](CO)O2)c(=O)n1,1,1,,False,True,True,,
29,Dexrazoxane HCl,Dexrazoxane HCl,6918223,71384,Cardioxane,CHEMBL1738,CHEMBL1738,BMKDZUISNHGIBY-ZETCQYMHSA-N,BMKDZUISNHGIBY-ZETCQYMHSA-N,C11H17ClN4O4,C[C@@H](CN1CC(=O)NC(=O)C1)N1CC(=O)NC(=O)C1,C[C@@H](CN1CC(=O)NC(=O)C1)N2CC(=O)NC(=O)C2.Cl,C[C@@H](CN1CC(=O)NC(=O)C1)N1CC(=O)NC(=O)C1,1,2,Cl,False,True,True,,
30,Docetaxel,Docetaxel,148124,148124,Docetaxel,CHEMBL3545252,CHEMBL92,ZDZOTLJHXYCWBA-VCVYQWHSSA-N,ZDZOTLJHXYCWBA-VCVYQWHSSA-N,C43H53NO14,CC(=O)O[C@@]12CO[C@@H]1C[C@H](O)[C@@]1(C)C(=O)[C@H](O)C3=C(C)[C@@H](OC(=O)[C@H](O)[C@@H](NC(=O)OC(C)(C)C)c4ccccc4)C[C@@](O)([C@@H](OC(=O)c4ccccc4)[C@H]21)C3(C)C,CC1=C2[C@H](C(=O)[C@@]3([C@H](C[C@@H]4[C@]([C@H]3[C@@H]([C@@](C2(C)C)(C[C@@H]1OC(=O)[C@@H]([C@H](C5=CC=CC=C5)NC(=O)OC(C)(C)C)O)O)OC(=O)C6=CC=CC=C6)(CO4)OC(=O)C)O)C)O,CC(=O)O[C@@]12CO[C@@H]1C[C@H](O)[C@@]1(C)C(=O)[C@H](O)C3=C(C)[C@@H](OC(=O)[C@H](O)[C@@H](NC(=O)OC(C)(C)C)c4ccccc4)C[C@@](O)([C@@H](OC(=O)c4ccccc4)[C@H]21)C3(C)C,1,1,,False,True,True,,
31,Doxorubicin HCl,Doxorubicin HCl,443939,31703,Doxorubicin Hydrochloride,CHEMBL53463,CHEMBL53463,AOJJSUZBOXZQNB-TZSSRYMLSA-N,AOJJSUZBOXZQNB-TZSSRYMLSA-N,C27H30ClNO11,COc1cccc2c1C(=O)c1c(O)c3c(c(O)c1C2=O)C[C@@](O)(C(=O)CO)C[C@@H]3O[C@H]1C[C@H](N)[C@H](O)[C@H](C)O1,C[C@H]1[C@H]([C@H](C[C@@H](O1)O[C@H]2C[C@@](CC3=C2C(=C4C(=C3O)C(=O)C5=C(C4=O)C(=CC=C5)OC)O)(C(=O)CO)O)N)O.Cl,COc1cccc2c1C(=O)c1c(O)c3c(c(O)c1C2=O)C[C@@](O)(C(=O)CO)C[C@@H]3O[C@H]1C[C@H](N)[C@H](O)[C@H](C)O1,1,2,Cl,False,True,True,,
32,Erlotinib HCl,Erlotinib HCl,176871,176870,Erlotinib Hydrochloride,CHEMBL553,CHEMBL553,AAKJLRGGTJKAMG-UHFFFAOYSA-N,AAKJLRGGTJKAMG-UHFFFAOYSA-N,C22H24ClN3O4,C#Cc1cccc(Nc2ncnc3cc(OCCOC)c(OCCOC)cc23)c1,COCCOC1=C(C=C2C(=C1)C(=NC=N2)NC3=CC=CC(=C3)C#C)OCCOC.Cl,C#Cc1cccc(Nc2ncnc3cc(OCCOC)c(OCCOC)cc23)c1,1,2,Cl,False,True,True,,
33,Estramustine phosphate,Estramustine phosphate,259329,259329,Estramustine Phosphate,CHEMBL1756,CHEMBL1756,ADFOJJHRTBFFOF-RBRWEJTLSA-N,ADFOJJHRTBFFOF-RBRWEJTLSA-N,C23H32Cl2NO6P,C[C@]12CC[C@@H]3c4ccc(OC(=O)N(CCCl)CCCl)cc4CC[C@H]3[C@@H]1CC[C@@H]2OP(=O)(O)O,C[C@]12CC[C@H]3[C@H]([C@@H]1CC[C@@H]2OP(=O)(O)O)CCC4=C3C=CC(=C4)OC(=O)N(CCCl)CCCl,C[C@]12CC[C@@H]3c4ccc(OC(=O)N(CCCl)CCCl)cc4CC[C@H]3[C@@H]1CC[C@@H]2OP(=O)(O)O,1,1,,False,True,True,,
34,Etoposide,Etoposide,36462,36462,Etoposide,CHEMBL44657,CHEMBL44657,VJJPUSNTGOMMGY-MRVIYFEKSA-N,VJJPUSNTGOMMGY-MRVIYFEKSA-N,C29H32O13,COc1cc([C@@H]2c3cc4c(cc3[C@@H](O[C@@H]3O[C@@H]5CO[C@@H](C)O[C@H]5[C@H](O)[C@H]3O)[C@H]3COC(=O)[C@H]23)OCO4)cc(OC)c1O,C[C@@H]1OC[C@@H]2[C@@H](O1)[C@@H]([C@H]([C@@H](O2)O[C@H]3[C@H]4COC(=O)[C@@H]4[C@@H](C5=CC6=C(C=C35)OCO6)C7=CC(=C(C(=C7)OC)O)OC)O)O,COc1cc([C@@H]2c3cc4c(cc3[C@@H](O[C@@H]3O[C@@H]5CO[C@@H](C)O[C@H]5[C@H](O)[C@H]3O)[C@H]3COC(=O)[C@H]23)OCO4)cc(OC)c1O,1,1,,False,True,True,,
35,Everolimus,Everolimus,6442177,6442177,Everolimus,CHEMBL1908360,CHEMBL1908360,HKVAMNSJSFKALM-GKUWKFKPSA-N,HKVAMNSJSFKALM-GKUWKFKPSA-N,C53H83NO14,CO[C@H]1C[C@@H]2CC[C@@H](C)[C@@](O)(O2)C(=O)C(=O)N2CCCC[C@H]2C(=O)O[C@H]([C@H](C)C[C@@H]2CC[C@@H](OCCO)[C@H](OC)C2)CC(=O)[C@H](C)/C=C(\C)[C@@H](O)[C@@H](OC)C(=O)[C@H](C)C[C@H](C)/C=C/C=C/C=C/1C,C[C@@H]1CC[C@H]2C[C@@H](/C(=C/C=C/C=C/[C@H](C[C@H](C(=O)[C@@H]([C@@H](/C(=C/[C@H](C(=O)C[C@H](OC(=O)[C@@H]3CCCCN3C(=O)C(=O)[C@@]1(O2)O)[C@H](C)C[C@@H]4CC[C@H]([C@@H](C4)OC)OCCO)C)/C)O)OC)C)C)/C)OC,CO[C@H]1C[C@@H]2CC[C@@H](C)[C@@](O)(O2)C(=O)C(=O)N2CCCC[C@H]2C(=O)O[C@H]([C@H](C)C[C@@H]2CC[C@@H](OCCO)[C@H](OC)C2)CC(=O)[C@H](C)/C=C(\C)[C@@H](O)[C@@H](OC)C(=O)[C@H](C)C[C@H](C)/C=C/C=C/C=C/1C,1,1,,False,True,True,,
36,Exemestane,Exemestane,60198,60198,Exemestane,CHEMBL1200374,CHEMBL1200374,BFYIZQONLCFLEV-DAELLWKTSA-N,BFYIZQONLCFLEV-DAELLWKTSA-N,C20H24O2,C=C1C[C@@H]2[C@H](CC[C@]3(C)C(=O)CC[C@@H]23)[C@@]2(C)C=CC(=O)C=C12,C[C@]12CC[C@H]3[C@H]([C@@H]1CCC2=O)CC(=C)C4=CC(=O)C=C[C@]34C,C=C1C[C@@H]2[C@H](CC[C@]3(C)C(=O)CC[C@@H]23)[C@@]2(C)C=CC(=O)C=C12,1,1,,False,True,True,,
37,Floxuridine,Floxuridine,5790,5790,Floxuridine,CHEMBL917,CHEMBL917,ODKNJVUHOIMIIZ-RRKCRQDMSA-N,ODKNJVUHOIMIIZ-RRKCRQDMSA-N,C9H11FN2O5,O=c1[nH]c(=O)n([C@H]2C[C@H](O)[C@@H](CO)O2)cc1F,C1[C@@H]([C@H](O[C@H]1N2C=C(C(=O)NC2=O)F)CO)O,O=c1[nH]c(=O)n([C@H]2C[C@H](O)[C@@H](CO)O2)cc1F,1,1,,False,True,True,,
38,Fludarabine Phosphate,Fludarabine Phosphate,30751,30751,Fludarabine Phosphate,CHEMBL1096882,CHEMBL1096882,GIUYCYHIANZCFB-FJFJXFQQSA-N,GIUYCYHIANZCFB-FJFJXFQQSA-N,C10H13FN5O7P,Nc1nc(F)nc2c1ncn2[C@@H]1O[C@H](COP(=O)(O)O)[C@@H](O)[C@@H]1O,C1=NC2=C(N=C(N=C2N1[C@H]3[C@H]([C@@H]([C@H](O3)COP(=O)(O)O)O)O)F)N,Nc1nc(F)nc2c1ncn2[C@@H]1O[C@H](COP(=O)(O)O)[C@@H](O)[C@@H]1O,1,1,,False,True,True,,
39,Fluorouracil (5-FU),Fluorouracil,3385,3385,5-Fluorouracil,CHEMBL185,CHEMBL185,GHASVSINZRGABV-UHFFFAOYSA-N,GHASVSINZRGABV-UHFFFAOYSA-N,C4H3FN2O2,O=c1[nH]cc(F)c(=O)[nH]1,C1=C(C(=O)NC(=O)N1)F,O=c1[nH]cc(F)c(=O)[nH]1,1,1,,False,True,True,,
40,Fulvestrant,Fulvestrant,104741,104741,Fulvestrant,CHEMBL1358,CHEMBL1358,VWUXBMIQPBEWFH-WCCTWKNTSA-N,VWUXBMIQPBEWFH-WCCTWKNTSA-N,C32H47F5O3S,C[C@]12CC[C@@H]3c4ccc(O)cc4C[C@@H](CCCCCCCCCS(=O)CCCC(F)(F)C(F)(F)F)[C@H]3[C@@H]1CC[C@@H]2O,C[C@]12CC[C@H]3[C@H]([C@@H]1CC[C@@H]2O)[C@@H](CC4=C3C=CC(=C4)O)CCCCCCCCCS(=O)CCCC(C(F)(F)F)(F)F,C[C@]12CC[C@@H]3c4ccc(O)cc4C[C@@H](CCCCCCCCC[S+]([O-])CCCC(F)(F)C(F)(F)F)[C@H]3[C@@H]1CC[C@@H]2O,1,1,,False,True,True,,
41,Gefitinib,Gefitinib,123631,123631,Gefitinib,CHEMBL939,CHEMBL939,XGALLCVXEZPNRQ-UHFFFAOYSA-N,XGALLCVXEZPNRQ-UHFFFAOYSA-N,C22H24ClFN4O3,COc1cc2ncnc(Nc3ccc(F)c(Cl)c3)c2cc1OCCCN1CCOCC1,COC1=C(C=C2C(=C1)N=CN=C2NC3=CC(=C(C=C3)F)Cl)OCCCN4CCOCC4,COc1cc2ncnc(Nc3ccc(F)c(Cl)c3)c2cc1OCCCN1CCOCC1,1,1,,False,True,True,,
42,Gemcitabine HCl,Gemcitabine HCl,60749,60750,Gemcitabine Hydrochloride,CHEMBL888,CHEMBL888,SDUQYLNIPVEERB-QPPQHZFASA-N,SDUQYLNIPVEERB-QPPQHZFASA-N,C9H12ClF2N3O4,Nc1ccn([C@@H]2O[C@H](CO)[C@@H](O)C2(F)F)c(=O)n1,C1=CN(C(=O)N=C1N)[C@H]2C([C@@H]([C@H](O2)CO)O)(F)F.Cl,Nc1ccn([C@@H]2O[C@H](CO)[C@@H](O)C2(F)F)c(=O)n1,1,2,Cl,False,True,True,,
43,Hydroxyurea,Hydroxyurea,3657,3657,Hydroxyurea,CHEMBL467,CHEMBL467,VSNHCAURESNICA-UHFFFAOYSA-N,VSNHCAURESNICA-UHFFFAOYSA-N,CH4N2O2,NC(=O)NO,C(=O)(N)NO,NC(=O)NO,1,1,,False,True,True,,
44,Ifosfamide,Ifosfamide,3690,3690,Ifosfamide,CHEMBL1024,CHEMBL1024,HOMGKSMUEGBAAB-UHFFFAOYSA-N,HOMGKSMUEGBAAB-UHFFFAOYSA-N,C7H15Cl2N2O2P,O=P1(NCCCl)OCCCN1CCCl,C1CN(P(=O)(OC1)NCCCl)CCCl,O=P1(NCCCl)OCCCN1CCCl,1,1,,False,True,True,,
45,Imatinib Mesylate,Imatinib Mesylate,123596,5291,Imatinib Mesylate,CHEMBL941,CHEMBL941,KTUFNOKKBVMGRW-UHFFFAOYSA-N,KTUFNOKKBVMGRW-UHFFFAOYSA-N,C30H35N7O4S,Cc1ccc(NC(=O)c2ccc(CN3CCN(C)CC3)cc2)cc1Nc1nccc(-c2cccnc2)n1,CC1=C(C=C(C=C1)NC(=O)C2=CC=C(C=C2)CN3CCN(CC3)C)NC4=NC=CC(=N4)C5=CN=CC=C5.CS(=O)(=O)O,Cc1ccc(NC(=O)c2ccc(CN3CCN(C)CC3)cc2)cc1Nc1nccc(-c2cccnc2)n1,1,2,CS(=O)(=O)O,False,True,True,,
46,Imiquimod,Imiquimod,57469,57469,Imiquimod,CHEMBL1282,CHEMBL1282,DOUYETYNHWVLEO-UHFFFAOYSA-N,DOUYETYNHWVLEO-UHFFFAOYSA-N,C14H16N4,CC(C)Cn1cnc2c(N)nc3ccccc3c21,CC(C)CN1C=NC2=C1C3=CC=CC=C3N=C2N,CC(C)Cn1cnc2c(N)nc3ccccc3c21,1,1,,False,True,True,,
47,Irinotecan HCl,Irinotecan HCl,74990,60838,Irinotecan Hydrochloride,CHEMBL481,CHEMBL481,UWKQSNNFCGGAFS-XIFFEERXSA-N,UWKQSNNFCGGAFS-XIFFEERXSA-N,C33H39ClN4O6,CCc1c2c(nc3ccc(OC(=O)N4CCC(N5CCCCC5)CC4)cc13)-c1cc3c(c(=O)n1C2)COC(=O)[C@]3(O)CC,CCC1=C2CN3C(=CC4=C(C3=O)COC(=O)[C@@]4(CC)O)C2=NC5=C1C=C(C=C5)OC(=O)N6CCC(CC6)N7CCCCC7.Cl,CCc1c2c(nc3ccc(OC(=O)N4CCC(N5CCCCC5)CC4)cc13)-c1cc3c(c(=O)n1C2)COC(=O)[C@]3(O)CC,1,2,Cl,False,True,True,,
48,Ixabepilone,Ixabepilone,6445540,6445540,Ixabepilone,CHEMBL1201752,CHEMBL1201752,FABUFPQFXZVHFB-PVYNADRNSA-N,FABUFPQFXZVHFB-PVYNADRNSA-N,C27H42N2O5S,C/C(=C\c1csc(C)n1)[C@@H]1C[C@@H]2O[C@]2(C)CCC[C@H](C)[C@H](O)[C@@H](C)C(=O)C(C)(C)[C@@H](O)CC(=O)N1,C[C@H]1CCC[C@@]2([C@@H](O2)C[C@H](NC(=O)C[C@@H](C(C(=O)[C@@H]([C@H]1O)C)(C)C)O)/C(=C/C3=CSC(=N3)C)/C)C,C/C(=C\c1csc(C)n1)[C@@H]1C[C@@H]2O[C@]2(C)CCC[C@H](C)[C@H](O)[C@@H](C)C(=O)C(C)(C)[C@@H](O)CC(=O)N1,1,1,,False,True,True,,
49,Lapatinib Ditosylate,Lapatinib Ditosylate,11557040,208908,Lapatinib Ditosylate,CHEMBL554,CHEMBL554,BCFGMOOMADDAQU-UHFFFAOYSA-N,BCFGMOOMADDAQU-UHFFFAOYSA-N,C43H44ClFN4O11S3,CS(=O)(=O)CCNCc1ccc(-c2ccc3ncnc(Nc4ccc(OCc5cccc(F)c5)c(Cl)c4)c3c2)o1,CC1=CC=C(C=C1)S(=O)(=O)O.CC1=CC=C(C=C1)S(=O)(=O)O.CS(=O)(=O)CCNCC1=CC=C(O1)C2=CC3=C(C=C2)N=CN=C3NC4=CC(=C(C=C4)OCC5=CC(=CC=C5)F)Cl.O,CS(=O)(=O)CCNCc1ccc(-c2ccc3ncnc(Nc4ccc(OCc5cccc(F)c5)c(Cl)c4)c3c2)o1,1,4,Cc1ccc(S(=O)(=O)O)cc1.Cc1ccc(S(=O)(=O)O)cc1.O,False,True,True,,
50,Lenalidomide,Lenalidomide,216326,216326,Lenalidomide,CHEMBL848,CHEMBL848,GOTYRUGSSMKFNF-UHFFFAOYSA-N,GOTYRUGSSMKFNF-UHFFFAOYSA-N,C13H13N3O3,Nc1cccc2c1CN(C1CCC(=O)NC1=O)C2=O,C1CC(=O)NC(=O)C1N2CC3=C(C2=O)C=CC=C3N,Nc1cccc2c1CN(C1CCC(=O)NC1=O)C2=O,1,1,,False,True,True,,
51,Letrozole,Letrozole,3902,3902,Letrozole,CHEMBL1444,CHEMBL1444,HPJKCIUCZWXJDR-UHFFFAOYSA-N,HPJKCIUCZWXJDR-UHFFFAOYSA-N,C17H11N5,N#Cc1ccc(C(c2ccc(C#N)cc2)n2cncn2)cc1,C1=CC(=CC=C1C#N)C(C2=CC=C(C=C2)C#N)N3C=NC=N3,N#Cc1ccc(C(c2ccc(C#N)cc2)n2cncn2)cc1,1,1,,False,True,True,,
52,Lomustine; CCNU,Lomustine,3950,3950,Lomustine,CHEMBL514,CHEMBL514,GQYIWUVLTXOXAJ-UHFFFAOYSA-N,GQYIWUVLTXOXAJ-UHFFFAOYSA-N,C9H16ClN3O2,O=NN(CCCl)C(=O)NC1CCCCC1,C1CCC(CC1)NC(=O)N(CCCl)N=O,O=NN(CCCl)C(=O)NC1CCCCC1,1,1,,False,True,True,,
53,Mechlorethamine HCl,Mechlorethamine HCl,5935,4033,Nitrogen mustard hydrochloride,CHEMBL427,CHEMBL427,HAWPXGHAZFHHAD-UHFFFAOYSA-N,HAWPXGHAZFHHAD-UHFFFAOYSA-N,C5H12Cl3N,CN(CCCl)CCCl,CN(CCCl)CCCl.Cl,CN(CCCl)CCCl,1,2,Cl,False,True,True,,
54,Megestrol acetate,Megestrol acetate,11683,11683,Megestrol Acetate,CHEMBL1201139,CHEMBL1201139,RQZAXGRLVPAYTJ-GQFGMJRRSA-N,RQZAXGRLVPAYTJ-GQFGMJRRSA-N,C24H32O4,CC(=O)O[C@]1(C(C)=O)CC[C@H]2[C@@H]3C=C(C)C4=CC(=O)CC[C@]4(C)[C@H]3CC[C@@]21C,CC1=C[C@@H]2[C@H](CC[C@]3([C@H]2CC[C@@]3(C(=O)C)OC(=O)C)C)[C@@]4(C1=CC(=O)CC4)C,CC(=O)O[C@]1(C(C)=O)CC[C@H]2[C@@H]3C=C(C)C4=CC(=O)CC[C@]4(C)[C@H]3CC[C@@]21C,1,1,,False,True,True,,
55,Melphalan,Melphalan,460612,460612,Melphalan,CHEMBL852,CHEMBL852,SGDBTWWWUNNDEQ-LBPRGKRZSA-N,SGDBTWWWUNNDEQ-LBPRGKRZSA-N,C13H18Cl2N2O2,N[C@@H](Cc1ccc(N(CCCl)CCCl)cc1)C(=O)O,C1=CC(=CC=C1C[C@@H](C(=O)O)N)N(CCCl)CCCl,N[C@@H](Cc1ccc(N(CCCl)CCCl)cc1)C(=O)O,1,1,,False,True,True,,
56,Mercaptopurine,Mercaptopurine,667490,667490,6-Mercaptopurine,CHEMBL1200751,CHEMBL1425,GLVAUDGFNGKCSF-UHFFFAOYSA-N,GLVAUDGFNGKCSF-UHFFFAOYSA-N,C5H4N4S,S=c1nc[nH]c2nc[nH]c12,C1=NC2=C(N1)C(=S)N=CN2,Sc1ncnc2nc[nH]c12,1,1,,False,True,True,,
57,Methotrexate,Methotrexate,126941,126941,Methotrexate,CHEMBL34259,CHEMBL34259,FBOZXECLQNJBKD-ZDUSSCGKSA-N,FBOZXECLQNJBKD-ZDUSSCGKSA-N,C20H22N8O5,CN(Cc1cnc2nc(N)nc(N)c2n1)c1ccc(C(=O)N[C@@H](CCC(=O)O)C(=O)O)cc1,CN(CC1=CN=C2C(=N1)C(=NC(=N2)N)N)C3=CC=C(C=C3)C(=O)N[C@@H](CCC(=O)O)C(=O)O,CN(Cc1cnc2nc(N)nc(N)c2n1)c1ccc(C(=O)N[C@@H](CCC(=O)O)C(=O)O)cc1,1,1,,False,True,True,,
58,Methoxsalen,Methoxsalen,4114,4114,8-Methoxypsoralen,CHEMBL416,CHEMBL416,QXKHYNVANLEOEG-UHFFFAOYSA-N,QXKHYNVANLEOEG-UHFFFAOYSA-N,C12H8O4,COc1c2occc2cc2ccc(=O)oc12,COC1=C2C(=CC3=C1OC=C3)C=CC(=O)O2,COc1c2occc2cc2ccc(=O)oc12,1,1,,False,True,True,,
59,Mitomycin C,Mitomycin C,5746,5746,Mitomycin C,,,NWIBSHFKIJFRCO-WUDYKRTCSA-N,,C15H18N4O5,CO[C@@]12[C@H](COC(N)=O)C3=C(C(=O)C(C)=C(N)C3=O)N1C[C@@H]1N[C@@H]12,CC1=C(C(=O)C2=C(C1=O)N3C[C@H]4[C@@H]([C@@]3([C@@H]2COC(=O)N)OC)N4)N,,1,1,,False,True,False,check:chembl-name-not-found,
60,Mitotane; o;p'-DDD,Mitotane,4211,4211,Mitotane,CHEMBL1670,CHEMBL1670,JWBOIMRXGHLCPP-UHFFFAOYSA-N,JWBOIMRXGHLCPP-UHFFFAOYSA-N,C14H10Cl4,Clc1ccc(C(c2ccccc2Cl)C(Cl)Cl)cc1,C1=CC=C(C(=C1)C(C2=CC=C(C=C2)Cl)C(Cl)Cl)Cl,Clc1ccc(C(c2ccccc2Cl)C(Cl)Cl)cc1,1,1,,False,True,True,,
61,Mitoxantrone HCl,Mitoxantrone HCl,51082,4212,Mitoxantrone Hydrochloride,CHEMBL58,CHEMBL58,KKZJGLLVHKMTCM-UHFFFAOYSA-N,KKZJGLLVHKMTCM-UHFFFAOYSA-N,C22H30Cl2N4O6,O=C1c2c(O)ccc(O)c2C(=O)c2c(NCCNCCO)ccc(NCCNCCO)c21,C1=CC(=C2C(=C1NCCNCCO)C(=O)C3=C(C=CC(=C3C2=O)O)O)NCCNCCO.Cl.Cl,O=C1c2c(O)ccc(O)c2C(=O)c2c(NCCNCCO)ccc(NCCNCCO)c21,1,3,Cl.Cl,False,True,True,,
62,Nelarabine,Nelarabine,3011155,3011155,Nelarabine,CHEMBL1201112,CHEMBL1201112,IXOXBSCIXZEQEQ-UHTZMRCNSA-N,IXOXBSCIXZEQEQ-UHTZMRCNSA-N,C11H15N5O5,COc1nc(N)nc2c1ncn2[C@@H]1O[C@H](CO)[C@@H](O)[C@@H]1O,COC1=NC(=NC2=C1N=CN2[C@H]3[C@H]([C@@H]([C@H](O3)CO)O)O)N,COc1nc(N)nc2c1ncn2[C@@H]1O[C@H](CO)[C@@H](O)[C@@H]1O,1,1,,False,True,True,,
63,Nilotinib,Nilotinib,644241,644241,Nilotinib,CHEMBL255863,CHEMBL255863,HHZIURLSWUIHRB-UHFFFAOYSA-N,HHZIURLSWUIHRB-UHFFFAOYSA-N,C28H22F3N7O,Cc1cn(-c2cc(NC(=O)c3ccc(C)c(Nc4nccc(-c5cccnc5)n4)c3)cc(C(F)(F)F)c2)cn1,CC1=C(C=C(C=C1)C(=O)NC2=CC(=CC(=C2)C(F)(F)F)N3C=C(N=C3)C)NC4=NC=CC(=N4)C5=CN=CC=C5,Cc1cn(-c2cc(NC(=O)c3ccc(C)c(Nc4nccc(-c5cccnc5)n4)c3)cc(C(F)(F)F)c2)cn1,1,1,,False,True,True,,
64,Oxaliplatin,Oxaliplatin,9887053,,"cis-oxalato-trans-l-1,2-diaminocyclohexaneplatinum(II)",CHEMBL414804,CHEMBL414804,DRMCATBEKSVAPL-BNTLRKBRSA-N,,C8H14N2O4Pt,O=C(O)C(=O)O.[NH-][C@@H]1CCCC[C@H]1[NH-].[Pt+2],C1CC[C@H]([C@@H](C1)[NH-])[NH-].C(=O)(C(=O)O)O.[Pt+2],,1,3,,True,True,False,caveat:metal-complex-kept-whole;check:no-chembl-structure,
65,Paclitaxel,Paclitaxel,36314,36314,Paclitaxel,CHEMBL428647,CHEMBL428647,RCINICONZNJXQF-MZXODVADSA-N,RCINICONZNJXQF-MZXODVADSA-N,C47H51NO14,CC(=O)O[C@H]1C(=O)[C@@]2(C)[C@H]([C@H](OC(=O)c3ccccc3)[C@]3(O)C[C@H](OC(=O)[C@H](O)[C@@H](NC(=O)c4ccccc4)c4ccccc4)C(C)=C1C3(C)C)[C@]1(OC(C)=O)CO[C@@H]1C[C@@H]2O,CC1=C2[C@H](C(=O)[C@@]3([C@H](C[C@@H]4[C@]([C@H]3[C@@H]([C@@](C2(C)C)(C[C@@H]1OC(=O)[C@@H]([C@H](C5=CC=CC=C5)NC(=O)C6=CC=CC=C6)O)O)OC(=O)C7=CC=CC=C7)(CO4)OC(=O)C)O)C)OC(=O)C,CC(=O)O[C@H]1C(=O)[C@@]2(C)[C@H]([C@H](OC(=O)c3ccccc3)[C@]3(O)C[C@H](OC(=O)[C@H](O)[C@@H](NC(=O)c4ccccc4)c4ccccc4)C(C)=C1C3(C)C)[C@]1(OC(C)=O)CO[C@@H]1C[C@@H]2O,1,1,,False,True,True,,
66,Pazopanib HCl,Pazopanib HCl,11525740,10113978,Pazopanib Hydrochloride,CHEMBL477772,CHEMBL477772,CUIHSIWYWATEQL-UHFFFAOYSA-N,CUIHSIWYWATEQL-UHFFFAOYSA-N,C21H24ClN7O2S,Cc1ccc(Nc2nccc(N(C)c3ccc4c(C)n(C)nc4c3)n2)cc1S(N)(=O)=O,CC1=C(C=C(C=C1)NC2=NC=CC(=N2)N(C)C3=CC4=NN(C(=C4C=C3)C)C)S(=O)(=O)N.Cl,Cc1ccc(Nc2nccc(N(C)c3ccc4c(C)n(C)nc4c3)n2)cc1S(N)(=O)=O,1,2,Cl,False,True,True,,
67,Pemetrexed Disodium,Pemetrexed Disodium,135413520,135410875,Pemetrexed Disodium,CHEMBL225072,CHEMBL225072,WBXPDJSOTKVWSJ-ZDUSSCGKSA-N,WBXPDJSOTKVWSJ-ZDUSSCGKSA-N,C20H19N5Na2O6,Nc1nc2[nH]cc(CCc3ccc(C(=O)N[C@@H](CCC(=O)O)C(=O)O)cc3)c2c(=O)[nH]1,C1=CC(=CC=C1CCC2=CNC3=C2C(=O)NC(=N3)N)C(=O)N[C@@H](CCC(=O)[O-])C(=O)[O-].[Na+].[Na+],Nc1nc2[nH]cc(CCc3ccc(C(=O)N[C@@H](CCC(=O)O)C(=O)O)cc3)c2c(=O)[nH]1,1,3,[Na+].[Na+],False,True,True,,
68,Pentostatin,Pentostatin,439693,439693,Pentostatin,CHEMBL1580,CHEMBL1580,FPVKHBSQESCIEP-JQCXWYLXSA-N,FPVKHBSQESCIEP-JQCXWYLXSA-N,C11H16N4O4,OC[C@H]1O[C@@H](n2cnc3c2N=CNC[C@H]3O)C[C@@H]1O,C1[C@@H]([C@H](O[C@H]1N2C=NC3=C2NC=NC[C@H]3O)CO)O,OC[C@H]1O[C@@H](n2cnc3c2N=CNC[C@H]3O)C[C@@H]1O,1,1,,False,True,True,audited:structure-overridden,"AUDIT OVERRIDE. PubChem CID 439693 deposits the 4H tautomer of the diazepine ring; the FDA label, CHEMBL1580 and PDB component DCF all give the 3,6,7,8-tetrahydro (6H) form. Standard InChI treats the proton as mobile, so both give FPVKHBSQESCIEP-JQCXWYLXSA-N and the connectivity cross-check passed -- the disagreement is invisible to every check in the pipeline, but not to a Morgan fingerprint. Corroboration: CHEMBL1580 canonical_smiles; PDB chem comp DCF"
69,Pipobroman,Pipobroman,4842,4842,Pipobroman,CHEMBL1585,CHEMBL1585,NJBFOOCLYDNZJN-UHFFFAOYSA-N,NJBFOOCLYDNZJN-UHFFFAOYSA-N,C10H16Br2N2O2,O=C(CCBr)N1CCN(C(=O)CCBr)CC1,C1CN(CCN1C(=O)CCBr)C(=O)CCBr,O=C(CCBr)N1CCN(C(=O)CCBr)CC1,1,1,,False,True,True,,
70,Plicamycin,Plicamycin,163659,163659,Mithramycin,CHEMBL1237054,CHEMBL1237054,CFCUWKMKBJTWLW-BKHRDMLASA-N,XDKMHMINQXATOR-RCFLUEAHSA-N,C52H76O24,CO[C@H](C(=O)[C@@H](O)[C@@H](C)O)[C@@H]1Cc2cc3cc(O[C@H]4C[C@@H](O[C@H]5C[C@@H](O)[C@H](O)[C@@H](C)O5)[C@H](O)[C@@H](C)O4)c(C)c(O)c3c(O)c2C(=O)[C@H]1O[C@H]1C[C@@H](O[C@H]2C[C@@H](O[C@H]3C[C@](C)(O)[C@H](O)[C@@H](C)O3)[C@@H](O)[C@@H](C)O2)[C@H](O)[C@@H](C)O1,C[C@@H]1[C@H]([C@@H](C[C@@H](O1)O[C@@H]2C[C@@H](O[C@@H]([C@H]2O)C)OC3=CC4=CC5=C(C(=O)[C@H]([C@@H](C5)[C@@H](C(=O)[C@H]([C@@H](C)O)O)OC)O[C@H]6C[C@H]([C@@H]([C@H](O6)C)O)O[C@H]7C[C@H]([C@H]([C@H](O7)C)O)O[C@H]8C[C@]([C@@H]([C@H](O8)C)O)(C)O)C(=C4C(=C3C)O)O)O)O,CO[C@H](C(=O)[C@@H](O)[C@@H](C)O)[C@@H]1Cc2cc3cc(O[C@H]4C[C@@H](O[C@@H]5C[C@@H](O)[C@H](O)[C@@H](C)O5)[C@H](O)[C@@H](C)O4)c(C)c(O)c3c(O)c2C(=O)[C@H]1O[C@H]1C[C@@H](O[C@@H]2C[C@@H](O)[C@@H](O[C@@H]3C[C@](C)(O)[C@H](O)[C@@H](C)O3)[C@@H](C)O2)[C@H](O)[C@@H](C)O1,1,1,,False,True,False,check:pubchem-chembl-disagree,
71,Pralatrexate,Pralatrexate,148121,148121,Pralatrexate,CHEMBL1201746,CHEMBL1201746,OGSBUKJUDHAQEA-WMCAAGNKSA-N,OGSBUKJUDHAQEA-WMCAAGNKSA-N,C23H23N7O5,C#CCC(Cc1cnc2nc(N)nc(N)c2n1)c1ccc(C(=O)N[C@@H](CCC(=O)O)C(=O)O)cc1,C#CCC(CC1=CN=C2C(=N1)C(=NC(=N2)N)N)C3=CC=C(C=C3)C(=O)N[C@@H](CCC(=O)O)C(=O)O,C#CCC(Cc1cnc2nc(N)nc(N)c2n1)c1ccc(C(=O)N[C@@H](CCC(=O)O)C(=O)O)cc1,1,1,,False,True,True,,
72,Procarbazine HCl,Procarbazine HCl,9703,4915,Procarbazine Hydrochloride,CHEMBL1321,CHEMBL1321,CPTBDICYNRMXFX-UHFFFAOYSA-N,CPTBDICYNRMXFX-UHFFFAOYSA-N,C12H20ClN3O,CNNCc1ccc(C(=O)NC(C)C)cc1,CC(C)NC(=O)C1=CC=C(C=C1)CNNC.Cl,CNNCc1ccc(C(=O)NC(C)C)cc1,1,2,Cl,False,True,True,,
73,Raloxifene HCl,Raloxifene HCl,54900,5035,Raloxifene Hydrochloride,CHEMBL81,CHEMBL81,GZUITABIAKMVPG-UHFFFAOYSA-N,GZUITABIAKMVPG-UHFFFAOYSA-N,C28H28ClNO4S,O=C(c1ccc(OCCN2CCCCC2)cc1)c1c(-c2ccc(O)cc2)sc2cc(O)ccc12,C1CCN(CC1)CCOC2=CC=C(C=C2)C(=O)C3=C(SC4=C3C=CC(=C4)O)C5=CC=C(C=C5)O.Cl,O=C(c1ccc(OCCN2CCCCC2)cc1)c1c(-c2ccc(O)cc2)sc2cc(O)ccc12,1,2,Cl,False,True,True,,
74,Romidepsin,Romidepsin,5352062,5352062,Romidepsin,CHEMBL343448,CHEMBL343448,OHRURASPPZQGQM-GCCNXGTGSA-N,OHRURASPPZQGQM-GCCNXGTGSA-N,C24H36N4O6S2,C/C=C1\NC(=O)[C@H]2CSSCC/C=C/[C@H](CC(=O)N[C@H](C(C)C)C(=O)N2)OC(=O)[C@H](C(C)C)NC1=O,C/C=C\1/C(=O)N[C@H](C(=O)O[C@H]\2CC(=O)N[C@@H](C(=O)N[C@H](CSSCC/C=C2)C(=O)N1)C(C)C)C(C)C,C/C=C1\NC(=O)[C@H]2CSSCC/C=C/[C@H](CC(=O)N[C@H](C(C)C)C(=O)N2)OC(=O)[C@H](C(C)C)NC1=O,1,1,,False,True,True,,
75,Sirolimus (Rapamycin),Sirolimus,5284616,5284616,Sirolimus,CHEMBL413,CHEMBL413,QFJCIRLUMZQUOT-HPLJOQBZSA-N,QFJCIRLUMZQUOT-HPLJOQBZSA-N,C51H79NO13,CO[C@H]1C[C@@H]2CC[C@@H](C)[C@@](O)(O2)C(=O)C(=O)N2CCCC[C@H]2C(=O)O[C@H]([C@H](C)C[C@@H]2CC[C@@H](O)[C@H](OC)C2)CC(=O)[C@H](C)/C=C(\C)[C@@H](O)[C@@H](OC)C(=O)[C@H](C)C[C@H](C)/C=C/C=C/C=C/1C,C[C@@H]1CC[C@H]2C[C@@H](/C(=C/C=C/C=C/[C@H](C[C@H](C(=O)[C@@H]([C@@H](/C(=C/[C@H](C(=O)C[C@H](OC(=O)[C@@H]3CCCCN3C(=O)C(=O)[C@@]1(O2)O)[C@H](C)C[C@@H]4CC[C@H]([C@@H](C4)OC)O)C)/C)O)OC)C)C)/C)OC,CO[C@H]1C[C@@H]2CC[C@@H](C)[C@@](O)(O2)C(=O)C(=O)N2CCCC[C@H]2C(=O)O[C@H]([C@H](C)C[C@@H]2CC[C@@H](O)[C@H](OC)C2)CC(=O)[C@H](C)/C=C(\C)[C@@H](O)[C@@H](OC)C(=O)[C@H](C)C[C@H](C)/C=C/C=C/C=C/1C,1,1,,False,True,True,,
76,Streptozocin,Streptozocin,29327,29327,Streptozocin,CHEMBL1977579,CHEMBL1977579,ZSJLQEPLLKMAKR-GKHCUFPYSA-N,AGRCPNMCOXLKFO-BDVNFPICSA-N,C8H15N3O7,CN(N=O)C(=O)N[C@@H]1[C@@H](O)[C@H](O)[C@@H](CO)O[C@@H]1O,CN(C(=O)N[C@@H]1[C@H]([C@@H]([C@H](O[C@@H]1O)CO)O)O)N=O,CN(N=O)C(=O)N[C@@H](C=O)[C@@H](O)[C@H](O)[C@H](O)CO,1,1,,False,True,False,check:pubchem-chembl-disagree,
77,Sunitinib Malate,Sunitinib Malate,6456015,5329102,Sunitinib Malate,CHEMBL535,CHEMBL535,WINHZLLDWRZWRT-ATVHPVEESA-N,WINHZLLDWRZWRT-ATVHPVEESA-N,C26H33FN4O7,CCN(CC)CCNC(=O)c1c(C)[nH]c(/C=C2\C(=O)Nc3ccc(F)cc32)c1C,CCN(CC)CCNC(=O)C1=C(NC(=C1C)/C=C\2/C3=C(C=CC(=C3)F)NC2=O)C.C([C@@H](C(=O)O)O)C(=O)O,CCN(CC)CCNC(=O)c1c(C)[nH]c(/C=C2\C(=O)Nc3ccc(F)cc32)c1C,1,2,O=C(O)C[C@H](O)C(=O)O,False,True,True,,
78,Tamoxifen Citrate,Tamoxifen Citrate,2733525,,Tamoxifen Citrate,CHEMBL83,CHEMBL83,NKANXQFJJICGDU-QPLCGJKRSA-N,NKANXQFJJICGDU-QPLCGJKRSA-N,C32H37NO8,CC/C(=C(\c1ccccc1)c1ccc(OCCN(C)C)cc1)c1ccccc1,CC/C(=C(\C1=CC=CC=C1)/C2=CC=C(C=C2)OCCN(C)C)/C3=CC=CC=C3.C(C(=O)O)C(CC(=O)O)(C(=O)O)O,CC/C(=C(\c1ccccc1)c1ccc(OCCN(C)C)cc1)c1ccccc1,1,2,O=C(O)CC(O)(CC(=O)O)C(=O)O,False,True,True,,
79,Temozolomide,Temozolomide,5394,5394,Temozolomide,CHEMBL810,CHEMBL810,BPEGJWRSRHCHSN-UHFFFAOYSA-N,BPEGJWRSRHCHSN-UHFFFAOYSA-N,C6H6N6O2,Cn1nnc2c(C(N)=O)ncn2c1=O,CN1C(=O)N2C=NC(=C2N=N1)C(=O)N,Cn1nnc2c(C(N)=O)ncn2c1=O,1,1,,False,True,True,,
80,Teniposide,Teniposide,452548,452548,Teniposide,CHEMBL452231,CHEMBL452231,NRUKOCRGYNPUPR-QBPJDGROSA-N,NRUKOCRGYNPUPR-QBPJDGROSA-N,C32H32O13S,COc1cc([C@@H]2c3cc4c(cc3[C@@H](O[C@@H]3O[C@@H]5CO[C@@H](c6cccs6)O[C@H]5[C@H](O)[C@H]3O)[C@H]3COC(=O)[C@H]23)OCO4)cc(OC)c1O,COC1=CC(=CC(=C1O)OC)[C@H]2[C@@H]3[C@H](COC3=O)[C@@H](C4=CC5=C(C=C24)OCO5)O[C@H]6[C@@H]([C@H]([C@H]7[C@H](O6)CO[C@H](O7)C8=CC=CS8)O)O,COc1cc([C@@H]2c3cc4c(cc3[C@@H](O[C@@H]3O[C@@H]5CO[C@@H](c6cccs6)O[C@H]5[C@H](O)[C@H]3O)[C@H]3COC(=O)[C@H]23)OCO4)cc(OC)c1O,1,1,,False,True,True,,
81,Thalidomide,Thalidomide,5426,5426,Thalidomide,CHEMBL468,CHEMBL468,UEJJHQNACJXSKW-UHFFFAOYSA-N,UEJJHQNACJXSKW-UHFFFAOYSA-N,C13H10N2O4,O=C1CCC(N2C(=O)c3ccccc3C2=O)C(=O)N1,C1CC(=O)NC(=O)C1N2C(=O)C3=CC=CC=C3C2=O,O=C1CCC(N2C(=O)c3ccccc3C2=O)C(=O)N1,1,1,,False,True,True,,
82,Thioguanine,Thioguanine,2723601,2723601,Thioguanine,CHEMBL727,CHEMBL727,WYWHKKSPHMUBEB-UHFFFAOYSA-N,WYWHKKSPHMUBEB-UHFFFAOYSA-N,C5H5N5S,Nc1nc(=S)c2[nH]cnc2[nH]1,C1=NC2=C(N1)C(=S)N=C(N2)N,Nc1nc2[nH]cnc2c(=S)[nH]1,1,1,,False,True,True,,
83,Thiotepa,Thiotepa,5453,5453,Thiotepa,CHEMBL671,CHEMBL671,FOCVUCIESVLUNU-UHFFFAOYSA-N,FOCVUCIESVLUNU-UHFFFAOYSA-N,C6H12N3PS,S=P(N1CC1)(N1CC1)N1CC1,C1CN1P(=S)(N2CC2)N3CC3,S=P(N1CC1)(N1CC1)N1CC1,1,1,,False,True,True,,
84,Topotecan HCl,Topotecan HCl,60699,60700,Topotecan Hydrochloride,CHEMBL84,CHEMBL84,UCFGDBYHRUNTLO-QHCPKHFHSA-N,UCFGDBYHRUNTLO-QHCPKHFHSA-N,C23H24ClN3O5,CC[C@@]1(O)C(=O)OCc2c1cc1n(c2=O)Cc2cc3c(CN(C)C)c(O)ccc3nc2-1,CC[C@@]1(C2=C(COC1=O)C(=O)N3CC4=CC5=C(C=CC(=C5CN(C)C)O)N=C4C3=C2)O.Cl,CC[C@@]1(O)C(=O)OCc2c1cc1n(c2=O)Cc2cc3c(CN(C)C)c(O)ccc3nc2-1,1,2,Cl,False,True,True,,
85,Tretinoin,Tretinoin,444795,444795,Retinoic Acid,CHEMBL38,CHEMBL38,SHGAZHPCJJPHSC-YCNIQYBTSA-N,SHGAZHPCJJPHSC-YCNIQYBTSA-N,C20H28O2,CC1=C(/C=C/C(C)=C/C=C/C(C)=C/C(=O)O)C(C)(C)CCC1,CC1=C(C(CCC1)(C)C)/C=C/C(=C/C=C/C(=C/C(=O)O)/C)/C,CC1=C(/C=C/C(C)=C/C=C/C(C)=C/C(=O)O)C(C)(C)CCC1,1,1,,False,True,True,,
86,Triethylenemelamine,Triethylenemelamine,5799,5799,Triethylenemelamine,CHEMBL502384,CHEMBL502384,IUCJMVBFZDHPDX-UHFFFAOYSA-N,IUCJMVBFZDHPDX-UHFFFAOYSA-N,C9H12N6,C1CN1c1nc(N2CC2)nc(N2CC2)n1,C1CN1C2=NC(=NC(=N2)N3CC3)N4CC4,C1CN1c1nc(N2CC2)nc(N2CC2)n1,1,1,,False,True,True,,
87,Uracil mustard,Uracil mustard,6194,6194,Uracil Mustard,CHEMBL1488,CHEMBL1488,IDPUKCWIGUEADI-UHFFFAOYSA-N,IDPUKCWIGUEADI-UHFFFAOYSA-N,C8H11Cl2N3O2,O=c1[nH]cc(N(CCCl)CCCl)c(=O)[nH]1,C1=C(C(=O)NC(=O)N1)N(CCCl)CCCl,Oc1ncc(N(CCCl)CCCl)c(O)n1,1,1,,False,True,True,,
88,Vemurafenib,Vemurafenib,42611257,42611257,Vemurafenib,CHEMBL1229517,CHEMBL1229517,GPXBXXGIAQBQNI-UHFFFAOYSA-N,GPXBXXGIAQBQNI-UHFFFAOYSA-N,C23H18ClF2N3O3S,CCCS(=O)(=O)Nc1ccc(F)c(C(=O)c2c[nH]c3ncc(-c4ccc(Cl)cc4)cc23)c1F,CCCS(=O)(=O)NC1=C(C(=C(C=C1)F)C(=O)C2=CNC3=C2C=C(C=N3)C4=CC=C(C=C4)Cl)F,CCCS(=O)(=O)Nc1ccc(F)c(C(=O)c2c[nH]c3ncc(-c4ccc(Cl)cc4)cc23)c1F,1,1,,False,True,True,,
89,Vinblastine Sulfate,Vinblastine Sulfate,5388983,13342,Vinblastine Sulfate,CHEMBL159,CHEMBL159,JXLYSJRDGCGARV-CFWMRBGOSA-N,JXLYSJRDGCGARV-CFWMRBGOSA-N,C46H60N4O13S,CC[C@]1(O)C[C@@H]2CN(CCc3c([nH]c4ccccc34)[C@@](C(=O)OC)(c3cc4c(cc3OC)N(C)[C@H]3[C@@](O)(C(=O)OC)[C@H](OC(C)=O)[C@]5(CC)C=CCN6CC[C@]43[C@@H]65)C2)C1,CC[C@@]1(C[C@H]2C[C@@](C3=C(CCN(C2)C1)C4=CC=CC=C4N3)(C5=C(C=C6C(=C5)[C@]78CCN9[C@H]7[C@@](C=CC9)([C@H]([C@@]([C@@H]8N6C)(C(=O)OC)O)OC(=O)C)CC)OC)C(=O)OC)O.OS(=O)(=O)O,CC[C@]1(O)C[C@@H]2CN(CCc3c([nH]c4ccccc34)[C@@](C(=O)OC)(c3cc4c(cc3OC)N(C)[C@H]3[C@@](O)(C(=O)OC)[C@H](OC(C)=O)[C@]5(CC)C=CCN6CC[C@]43[C@@H]65)C2)C1,1,2,O=S(=O)(O)O,False,True,True,,
90,Vincristine Sulfate,Vincristine Sulfate,5388993,5978,Vincristine Sulfate,CHEMBL90555,CHEMBL90555,OGWKCGZFUXNPDA-CFWMRBGOSA-N,OGWKCGZFUXNPDA-XQKSVPLYSA-N,C46H58N4O14S,CC[C@]1(O)C[C@@H]2CN(CCc3c([nH]c4ccccc34)[C@@](C(=O)OC)(c3cc4c(cc3OC)N(C=O)[C@H]3[C@@](O)(C(=O)OC)[C@H](OC(C)=O)[C@]5(CC)C=CCN6CC[C@]43[C@@H]65)C2)C1,CC[C@@]1(C[C@@H]2C[C@@](C3=C(CCN(C2)C1)C4=CC=CC=C4N3)(C5=C(C=C6C(=C5)[C@]78CCN9[C@H]7[C@@](C=CC9)([C@H]([C@@]([C@@H]8N6C=O)(C(=O)OC)O)OC(=O)C)CC)OC)C(=O)OC)O.OS(=O)(=O)O,CC[C@]1(O)C[C@H]2CN(CCc3c([nH]c4ccccc34)[C@@](C(=O)OC)(c3cc4c(cc3OC)N(C=O)[C@H]3[C@@](O)(C(=O)OC)[C@H](OC(C)=O)[C@]5(CC)C=CCN6CC[C@]43[C@@H]65)C2)C1,1,2,O=S(=O)(O)O,False,True,True,audited:structure-overridden,"AUDIT OVERRIDE. The resolved record is the C-15 (C-4') epimer of vincristine. The proof is internal to this deposit rather than a matter of database preference: vincristine is N1'-desmethyl-N1'-formyl-vinblastine and differs from vinblastine at no other atom, so applying that single substitution to the mapping's own vinblastine structure must reproduce vincristine -- and it yields OGWKCGZFUXNPDA-CFWMRBGOSA-N, not the recorded -XQKSVPLYSA-N. Both databases carry the same legacy structure, and the cross-check compares only the connectivity block, which is identical for two epimers. Note this correction does NOT reach the features, because the primary fingerprint is computed with useChirality=False; it is applied so the stored structure is right. Corroboration: CID 5388993; CHEMBL499458; DrugBank DB00541; FDA UNII 5J49Q6B70F"
91,Vinorelbine Tartrate,Vinorelbine Tartrate,11607738,5311497,Vinorelbine Tartrate,CHEMBL553025,CHEMBL553025,GBABOYUKABKIAF-IELIFDKJSA-N,GBABOYUKABKIAF-IELIFDKJSA-N,C53H66N4O20,CCC1=C[C@@H]2CN(C1)Cc1c([nH]c3ccccc13)[C@@](C(=O)OC)(c1cc3c(cc1OC)N(C)[C@H]1[C@@](O)(C(=O)OC)[C@H](OC(C)=O)[C@]4(CC)C=CCN5CC[C@]31[C@@H]54)C2,CCC1=C[C@H]2C[C@@](C3=C(CN(C2)C1)C4=CC=CC=C4N3)(C5=C(C=C6C(=C5)[C@]78CCN9[C@H]7[C@@](C=CC9)([C@H]([C@@]([C@@H]8N6C)(C(=O)OC)O)OC(=O)C)CC)OC)C(=O)OC.[C@@H]([C@H](C(=O)O)O)(C(=O)O)O.[C@@H]([C@H](C(=O)O)O)(C(=O)O)O,CCC1=C[C@@H]2CN(C1)Cc1c([nH]c3ccccc13)[C@@](C(=O)OC)(c1cc3c(cc1OC)N(C)[C@H]1[C@@](O)(C(=O)OC)[C@H](OC(C)=O)[C@]4(CC)C=CCN5CC[C@]31[C@@H]54)C2,1,3,O=C(O)[C@H](O)[C@@H](O)C(=O)O.O=C(O)[C@H](O)[C@@H](O)C(=O)O,False,True,True,,
92,Vismodegib,Vismodegib,24776445,24776445,Vismodegib,CHEMBL473417,CHEMBL473417,BPQMGSKTAYIVFO-UHFFFAOYSA-N,BPQMGSKTAYIVFO-UHFFFAOYSA-N,C19H14Cl2N2O3S,CS(=O)(=O)c1ccc(C(=O)Nc2ccc(Cl)c(-c3ccccn3)c2)c(Cl)c1,CS(=O)(=O)C1=CC(=C(C=C1)C(=O)NC2=CC(=C(C=C2)Cl)C3=CC=CC=N3)Cl,CS(=O)(=O)c1ccc(C(=O)Nc2ccc(Cl)c(-c3ccccn3)c2)c(Cl)c1,1,1,,False,True,True,,
93,Vorinostat,Vorinostat,5311,5311,Vorinostat,CHEMBL98,CHEMBL98,WAEXFXRVDQXREF-UHFFFAOYSA-N,WAEXFXRVDQXREF-UHFFFAOYSA-N,C14H20N2O3,O=C(CCCCCCC(=O)Nc1ccccc1)NO,C1=CC=C(C=C1)NC(=O)CCCCCCC(=O)NO,O=C(CCCCCCC(=O)Nc1ccccc1)NO,1,1,,False,True,True,,
94,Zoledronic Acid,Zoledronic Acid,68740,68740,Zoledronic Acid,CHEMBL4303669,CHEMBL924,XRASPMIURGNCCH-UHFFFAOYSA-N,XRASPMIURGNCCH-UHFFFAOYSA-N,C5H10N2O7P2,O=P(O)(O)C(O)(Cn1ccnc1)P(=O)(O)O,C1=CN(C=N1)CC(O)(P(=O)(O)O)P(=O)(O)O,O=P(O)(O)C(O)(Cn1ccnc1)P(=O)(O)O,1,1,,False,True,True,,
95,abiraterone,abiraterone,132971,132971,Abiraterone,CHEMBL254328,CHEMBL254328,GZOSMCIZMLWJML-VJLLXTKPSA-N,GZOSMCIZMLWJML-VJLLXTKPSA-N,C24H31NO,C[C@]12CC[C@H](O)CC1=CC[C@@H]1[C@@H]2CC[C@]2(C)C(c3cccnc3)=CC[C@@H]12,C[C@]12CC[C@@H](CC1=CC[C@@H]3[C@@H]2CC[C@]4([C@H]3CC=C4C5=CN=CC=C5)C)O,C[C@]12CC[C@H](O)CC1=CC[C@@H]1[C@@H]2CC[C@]2(C)C(c3cccnc3)=CC[C@@H]12,1,1,,False,True,True,,
96,carfilzomib,carfilzomib,11556711,11556711,Carfilzomib,CHEMBL451887,CHEMBL451887,BLMPQMFVWMYDKT-NZTKNTHTSA-N,BLMPQMFVWMYDKT-NZTKNTHTSA-N,C40H57N5O7,CC(C)C[C@H](NC(=O)[C@H](CCc1ccccc1)NC(=O)CN1CCOCC1)C(=O)N[C@@H](Cc1ccccc1)C(=O)N[C@@H](CC(C)C)C(=O)[C@@]1(C)CO1,CC(C)C[C@@H](C(=O)[C@]1(CO1)C)NC(=O)[C@H](CC2=CC=CC=C2)NC(=O)[C@H](CC(C)C)NC(=O)[C@H](CCC3=CC=CC=C3)NC(=O)CN4CCOCC4,CC(C)C[C@H](NC(=O)[C@H](CCc1ccccc1)NC(=O)CN1CCOCC1)C(=O)N[C@@H](Cc1ccccc1)C(=O)N[C@@H](CC(C)C)C(=O)[C@@]1(C)CO1,1,1,,False,True,True,,
97,sorafenib,sorafenib,216239,216239,Sorafenib,CHEMBL1336,CHEMBL1336,MLDQJTXFUGDVEO-UHFFFAOYSA-N,MLDQJTXFUGDVEO-UHFFFAOYSA-N,C21H16ClF3N4O3,CNC(=O)c1cc(Oc2ccc(NC(=O)Nc3ccc(Cl)c(C(F)(F)F)c3)cc2)ccn1,CNC(=O)C1=NC=CC(=C1)OC2=CC=C(C=C2)NC(=O)NC3=CC(=C(C=C3)Cl)C(F)(F)F,CNC(=O)c1cc(Oc2ccc(NC(=O)Nc3ccc(Cl)c(C(F)(F)F)c3)cc2)ccn1,1,1,,False,True,True,,
98,valrubicin,valrubicin,454216,454216,Valrubicin,CHEMBL1096885,CHEMBL1096885,ZOCKGBMQLCSHFP-KQRAQHLDSA-N,ZOCKGBMQLCSHFP-KQRAQHLDSA-N,C34H36F3NO13,CCCCC(=O)OCC(=O)[C@]1(O)Cc2c(O)c3c(c(O)c2[C@@H](O[C@H]2C[C@H](NC(=O)C(F)(F)F)[C@H](O)[C@H](C)O2)C1)C(=O)c1c(OC)cccc1C3=O,CCCCC(=O)OCC(=O)[C@]1(C[C@@H](C2=C(C1)C(=C3C(=C2O)C(=O)C4=C(C3=O)C=CC=C4OC)O)O[C@H]5C[C@@H]([C@@H]([C@@H](O5)C)O)NC(=O)C(F)(F)F)O,CCCCC(=O)OCC(=O)[C@]1(O)Cc2c(O)c3c(c(O)c2[C@@H](O[C@H]2C[C@H](NC(=O)C(F)(F)F)[C@H](O)[C@H](C)O2)C1)C(=O)c1c(OC)cccc1C3=O,1,1,,False,True,True,,
99,vandetanib,vandetanib,3081361,3081361,Vandetanib,CHEMBL24828,CHEMBL24828,UHTHHESEBZOYNR-UHFFFAOYSA-N,UHTHHESEBZOYNR-UHFFFAOYSA-N,C22H24BrFN4O2,COc1cc2c(Nc3ccc(Br)cc3F)ncnc2cc1OCC1CCN(C)CC1,CN1CCC(CC1)COC2=C(C=C3C(=C2)N=CN=C3NC4=C(C=C(C=C4)Br)F)OC,COc1cc2/c(=N/c3ccc(Br)cc3F)nc[nH]c2cc1OCC1CCN(C)CC1,1,1,,False,True,True,,
